-- phpMyAdmin SQL Dump
-- version 4.9.0.1
-- https://www.phpmyadmin.net/
--
-- Host: sql212.infinityfree.com
-- Generation Time: Mar 12, 2024 at 10:17 AM
-- Server version: 10.4.17-MariaDB
-- PHP Version: 7.2.22

SET SQL_MODE = "NO_AUTO_VALUE_ON_ZERO";
SET AUTOCOMMIT = 0;
START TRANSACTION;
SET time_zone = "+00:00";


/*!40101 SET @OLD_CHARACTER_SET_CLIENT=@@CHARACTER_SET_CLIENT */;
/*!40101 SET @OLD_CHARACTER_SET_RESULTS=@@CHARACTER_SET_RESULTS */;
/*!40101 SET @OLD_COLLATION_CONNECTION=@@COLLATION_CONNECTION */;
/*!40101 SET NAMES utf8mb4 */;

--
-- Database: `if0_35836906_travelProject`
--

-- --------------------------------------------------------

--
-- Table structure for table `answers`
--

CREATE TABLE `answers` (
  `answer_id` int(11) NOT NULL,
  `answer_text` varchar(255) NOT NULL,
  `question_id` int(11) NOT NULL,
  `member_id` int(11) NOT NULL
) ENGINE=InnoDB DEFAULT CHARSET=utf8;

--
-- Dumping data for table `answers`
--

INSERT INTO `answers` (`answer_id`, `answer_text`, `question_id`, `member_id`) VALUES
(1, 'ez school', 1, 2),
(2, 'ez school', 1, 3),
(3, 'ez school', 1, 4),
(4, 'ez school', 1, 5),
(5, 'ez school', 1, 6),
(6, 'ez school', 1, 7),
(7, 'ez school', 1, 8),
(8, 'ez school', 1, 9),
(9, 'ez school', 1, 10),
(10, 'ez school', 1, 11),
(11, 'ez school', 1, 12),
(12, 'Money', 6, 13),
(13, 'nongbuarawewittayakarn', 1, 14),
(14, 'seksan', 2, 15),
(15, 'ดำ', 2, 16),
(16, 'school', 1, 17),
(17, 'school', 1, 18),
(18, 'korat school', 1, 19);

-- --------------------------------------------------------

--
-- Table structure for table `days`
--

CREATE TABLE `days` (
  `day_id` int(11) NOT NULL,
  `day_name` varchar(100) NOT NULL
) ENGINE=InnoDB DEFAULT CHARSET=utf8;

--
-- Dumping data for table `days`
--

INSERT INTO `days` (`day_id`, `day_name`) VALUES
(1, 'จันทร์'),
(2, 'อังคาร'),
(3, 'พุธ'),
(4, 'พฤหัสบดี'),
(5, 'ศุกร์'),
(6, 'เสาร์'),
(7, 'อาทิตย์');

-- --------------------------------------------------------

--
-- Table structure for table `daysopening`
--

CREATE TABLE `daysopening` (
  `opening_id` int(11) NOT NULL,
  `location_id` int(11) NOT NULL,
  `day_id` int(11) NOT NULL
) ENGINE=InnoDB DEFAULT CHARSET=utf8;

--
-- Dumping data for table `daysopening`
--

INSERT INTO `daysopening` (`opening_id`, `location_id`, `day_id`) VALUES
(3, 46, 1),
(4, 45, 1),
(5, 44, 1),
(6, 43, 1),
(7, 42, 1),
(8, 34, 1),
(10, 39, 1),
(11, 38, 1),
(12, 30, 1),
(13, 29, 1),
(14, 28, 1),
(15, 25, 1),
(16, 27, 1),
(17, 26, 1),
(19, 23, 1),
(20, 22, 1),
(21, 21, 1),
(22, 19, 1),
(23, 20, 1),
(24, 1, 3),
(25, 1, 4),
(26, 1, 5),
(27, 1, 6),
(28, 1, 7),
(29, 2, 3),
(30, 2, 4),
(31, 2, 5),
(32, 2, 6),
(33, 2, 7),
(34, 3, 1),
(35, 3, 2),
(36, 3, 3),
(37, 3, 4),
(38, 3, 5),
(39, 3, 6),
(40, 3, 7),
(41, 4, 1),
(42, 4, 2),
(43, 4, 3),
(44, 4, 4),
(45, 4, 5),
(46, 4, 6),
(47, 4, 7),
(48, 5, 5),
(49, 5, 6),
(50, 5, 7),
(51, 6, 1),
(52, 6, 2),
(53, 6, 3),
(54, 6, 4),
(55, 6, 5),
(56, 6, 6),
(57, 6, 7),
(58, 7, 1),
(59, 7, 2),
(60, 7, 3),
(61, 7, 4),
(62, 7, 5),
(63, 7, 6),
(64, 7, 7),
(65, 8, 1),
(66, 8, 2),
(67, 8, 3),
(68, 8, 4),
(69, 8, 5),
(70, 8, 6),
(71, 8, 7),
(72, 9, 1),
(73, 9, 2),
(74, 9, 3),
(75, 9, 4),
(76, 9, 5),
(77, 9, 6),
(78, 9, 7),
(79, 10, 1),
(80, 10, 2),
(81, 10, 3),
(82, 10, 4),
(83, 10, 5),
(84, 10, 6),
(85, 10, 7),
(86, 11, 1),
(87, 11, 2),
(88, 11, 3),
(89, 11, 4),
(90, 11, 5),
(91, 11, 6),
(92, 11, 7),
(93, 12, 1),
(94, 12, 2),
(95, 12, 3),
(96, 12, 4),
(97, 12, 5),
(98, 12, 6),
(99, 12, 7),
(100, 13, 1),
(101, 13, 2),
(102, 13, 3),
(103, 13, 4),
(104, 13, 5),
(105, 13, 6),
(106, 13, 7),
(107, 14, 1),
(108, 14, 2),
(109, 14, 3),
(110, 14, 4),
(111, 14, 5),
(112, 15, 1),
(113, 15, 2),
(114, 15, 3),
(115, 15, 4),
(116, 15, 5),
(117, 15, 6),
(118, 15, 7),
(119, 16, 1),
(120, 16, 2),
(121, 16, 4),
(122, 16, 5),
(123, 16, 6),
(124, 16, 7),
(125, 17, 1),
(126, 17, 2),
(127, 17, 3),
(128, 17, 4),
(129, 17, 5),
(130, 17, 6),
(131, 17, 7),
(132, 18, 1),
(133, 18, 2),
(134, 18, 3),
(135, 18, 4),
(136, 18, 5),
(137, 18, 6),
(138, 18, 7),
(139, 19, 2),
(140, 19, 4),
(141, 19, 5),
(142, 19, 6),
(143, 19, 7),
(144, 20, 2),
(145, 20, 3),
(146, 20, 4),
(147, 20, 5),
(148, 20, 6),
(149, 20, 7),
(150, 21, 2),
(151, 21, 4),
(152, 21, 5),
(153, 21, 6),
(154, 21, 7),
(155, 22, 2),
(156, 22, 3),
(157, 22, 4),
(158, 22, 5),
(159, 22, 6),
(160, 22, 7),
(161, 23, 2),
(162, 23, 3),
(163, 23, 4),
(164, 23, 5),
(165, 23, 6),
(166, 23, 7),
(167, 24, 3),
(168, 24, 4),
(169, 24, 5),
(170, 24, 6),
(171, 24, 7),
(172, 25, 2),
(173, 25, 3),
(174, 25, 4),
(175, 25, 5),
(176, 26, 2),
(177, 26, 3),
(178, 26, 4),
(179, 26, 5),
(180, 26, 6),
(181, 26, 7),
(182, 27, 2),
(183, 27, 3),
(184, 27, 4),
(185, 27, 5),
(186, 27, 6),
(187, 27, 7),
(188, 28, 2),
(189, 28, 3),
(190, 28, 4),
(191, 28, 5),
(192, 28, 6),
(193, 28, 7),
(194, 29, 2),
(195, 29, 3),
(196, 29, 4),
(197, 29, 5),
(198, 29, 6),
(199, 29, 7),
(200, 30, 2),
(201, 30, 3),
(202, 30, 4),
(203, 30, 5),
(204, 30, 6),
(205, 30, 7),
(206, 34, 2),
(207, 34, 3),
(208, 34, 4),
(209, 34, 5),
(210, 34, 6),
(211, 34, 7),
(212, 38, 2),
(213, 38, 3),
(214, 38, 4),
(215, 38, 5),
(216, 38, 6),
(217, 38, 7),
(218, 39, 2),
(219, 39, 3),
(220, 39, 4),
(221, 39, 5),
(222, 40, 2),
(223, 40, 3),
(224, 40, 4),
(225, 40, 5),
(226, 40, 6),
(227, 40, 7),
(228, 42, 4),
(229, 42, 5),
(230, 42, 6),
(231, 42, 7),
(232, 43, 2),
(233, 43, 3),
(234, 43, 4),
(235, 43, 5),
(236, 43, 6),
(237, 43, 7),
(238, 44, 2),
(239, 44, 3),
(240, 44, 4),
(241, 44, 5),
(242, 44, 6),
(243, 44, 7),
(244, 45, 2),
(245, 45, 3),
(246, 45, 4),
(247, 45, 5),
(248, 45, 6),
(249, 45, 7),
(250, 46, 2),
(251, 46, 3),
(252, 46, 4),
(253, 46, 5),
(254, 46, 6),
(255, 46, 7),
(256, 47, 1),
(257, 47, 2),
(258, 47, 3),
(259, 47, 4),
(260, 47, 5),
(261, 47, 6),
(262, 47, 7),
(263, 48, 1),
(264, 48, 2),
(265, 48, 3),
(266, 48, 4),
(267, 48, 5),
(268, 48, 6),
(269, 48, 7),
(270, 49, 1),
(271, 49, 2),
(272, 49, 3),
(273, 49, 4),
(274, 49, 5),
(275, 49, 6),
(276, 49, 7),
(277, 50, 1),
(278, 50, 2),
(279, 50, 3),
(280, 50, 4),
(281, 50, 5),
(282, 50, 6),
(283, 50, 7),
(284, 51, 1),
(285, 51, 2),
(286, 51, 3),
(287, 51, 4),
(288, 51, 5),
(289, 51, 6),
(290, 51, 7),
(291, 52, 1),
(292, 52, 2),
(293, 52, 3),
(294, 52, 4),
(295, 52, 5),
(296, 52, 6),
(297, 52, 7),
(298, 53, 1),
(299, 53, 2),
(300, 53, 4),
(301, 53, 5),
(302, 53, 6),
(303, 53, 7),
(304, 54, 2),
(305, 54, 3),
(306, 54, 4),
(307, 54, 5),
(308, 54, 6),
(309, 54, 7);

-- --------------------------------------------------------

--
-- Table structure for table `locations`
--

CREATE TABLE `locations` (
  `location_id` int(4) NOT NULL,
  `location_name` varchar(100) COLLATE utf8mb4_unicode_ci NOT NULL,
  `address` varchar(100) COLLATE utf8mb4_unicode_ci NOT NULL,
  `detail` text COLLATE utf8mb4_unicode_ci NOT NULL,
  `s_time` time NOT NULL,
  `e_time` time NOT NULL,
  `province_id` int(4) NOT NULL,
  `latitude` double NOT NULL,
  `longitude` double NOT NULL
) ENGINE=InnoDB DEFAULT CHARSET=utf8mb4 COLLATE=utf8mb4_unicode_ci;

--
-- Dumping data for table `locations`
--

INSERT INTO `locations` (`location_id`, `location_name`, `address`, `detail`, `s_time`, `e_time`, `province_id`, `latitude`, `longitude`) VALUES
(1, 'โฮมสเตย์บ้านปราสาท (แหล่งพักชุมชนบ้านปราสาท)', '282 บ้านปราสาทใต้ หมู่ ม.7 ตำบล: ธารปราสาท อำเภอ: โนนสูง 30420', 'แหล่งที่ค้นพบสิ่งประดิษฐ์และสุสาน แสดงให้เห็นว่าผู้คนในพื้นที่แถบนี้อยู่อย่างไรเมื่อประมาณ 3,000 ปีก', '08:30:00', '16:30:00', 21, 15.254, 102.2685),
(2, 'พิพิธภัณฑสถานแห่งชาติ มหาวีรวง', 'ตำบล: ในเมือง อำเภอ: เมืองนครราชสีมา 30000', 'พิพิธภัณฑสถานแห่งชาติมหาวีรวงศ์ เป็นพิพิธภัณฑ์ที่ถือกำเนิดจากการรวบรวมโบราณวัตถุ ศิลปวัตถุของสมเด็จพระมหาวีรวงศ์ (อ้วน ติสโส) อดีตพระเถระสำคัญของภาคตะวันออกเฉียงเหนือขณะดำรงตำแหน่งเป็นเจ้าอาวาสวัดสุทธิจินดา อำเภอเมือง จังหวัดนครราชสีมา โดยพระองค์ได้สะสมโบราณศิลปวัตถุจากจังหวัดต่างๆ ต่อมา ท่านได้มอบสิ่งของให้กับกรมศิลปากร เพื่อเผยแพร่ให้ประชาชนผู้สนใจชม ในพ.ศ.2497 กรมศิลปากรได้สร้างอาคารชั้นเดียวทรงไทยประยุกต์ขึ้น หลัง ภายในพื้นที่ของวัดสุทธจินดา จัดตั้งพิพิธภัณฑสถานแห่งชาติขึ้นซึ่งนอกจากจะจัดแสดงของ สมเด็จพระมหาวีรวงศ์รวบรวมไว้แต่เดิมแล้ว ยังจัดแสดงศิลปโบราณวัตถุที่ได้จากแหล่งโบราณคดี โบราณสถานในจังหวัดนครราชสีมา และจังหวัดใกล้เคียง รวมทั้งสิ่งของที่ประชาชนบริจาคให้เพิ่มเติมในภายหลังด้วย และตั้งชื่อพิพิธภัณฑสถานฯ ที่สร้างขึ้น เพื่อเป็นเกียรติแก่ผู้ริเริ่มก่อตั้งว่า พิพิธภัณฑสถานแห่งชาติมหาวีรวงศ์', '09:00:00', '16:00:00', 21, 14.9720439, 102.0976344),
(3, 'หุ่นเหล็กโคราช', 'ตำบล: มะเกลือใหม่ อำเภอ: สูงเนิน 30170', 'เป็นสถานที่ท่องเที่ยวกึ่งพิพิธภัณฑ์ที่จัดแสดงงานศิลปะจากโลหะที่สุดยอดเพราะนอกจากความสวยงาม ความอลังการแล้ว งานที่อยู่ภายในหุ่นเหล็กโคราชแห่งนี้สร้างขึ้นมาจากฝีมือของคนไทย ซึ่งหากใครที่ได้ไปเยี่ยมชมต้องพูดเป็นเสียงเดียวกันเลยว่า \"สุดยอด\" ถ้าหากมองไกลๆ แล้วจะคิดว่าหุ่นที่อยู่ภายในนี้เป็นงานปั้น แต่พอได้เข้ามาเยี่ยมชมแล้วจะเห็นเลยว่าเป็นการเอาเศษโลหะต่างๆ (เศษเหล็กที่ไม่ได้ใช้แล้ว) เช่น สปริง, ท่อไอเสีย, อไหล่รถยนต์ และรถจักยานมาเชื่อมกันให้กลายเป็นรูปร่าง จากเศษเหล็กเมื่อผ่านมือของผู้สร้างเหมือนถูกลงมนต์วิเศษจนกลายเป็นงานศิลปะสุดทึ่งคือทำออกมาได้เหมือนมากๆ และหลายๆ งานใหญ่โตจิงๆ ภายในหุ่นเหล็กโคราชมีจุดถ่ายรูปอยู่มากมาย อย่าลืมเตรียมกล้องมาด้วยนะ', '07:00:00', '18:00:00', 21, 14.8693909, 101.7665931),
(4, 'ไร่องุ่นปากช่อง', '102 หมู่ 5 ตำบลพญาเย็น อำเภอปากช่อง จังหวัดนครราชสีมา 30320', 'ไร่องุ่นปากช่องเป็นไร่องุ่นพันธุ์ต่างประเทศ ไร้เมล็ด และมีโรงงานผลิตไวน์เขาใหญ่ ซึ่งเป็นไวน์ที่มีคุณภาพเยี่ยมและราคาถูก บนพื้นที่กว่า 2,000 ไร่ โดยแบ่งเป็นพื้นที่ปลูกองุ่นสำหรับผลิตไวน์ 400 ไร่ และองุ่นสำหรับรับประทานสด 100 ไร่', '07:30:00', '18:30:00', 21, 14.567945, 101.277787),
(5, 'วิลเลจฟาร์ม แอนด์ ไวน์เนอรี่', 'ตำบล: ไทยสามัคคี อำเภอ: วังน้ำเขียว 30370', 'วิลเลจฟาร์ม แอนด์ ไวน์เนอรี่ ตั้งอยู่ในอำเภอวังน้ำเขียว คือสวรรค์แห่งการพักผ่อน ที่จะพาคุณไปสัมผัสเสน่ห์ความสวยงาม อีกหลายๆ ด้านของวังน้ำเขียว เพียงคุณเข้ามาในรีสอร์ท ท่านจะพบกับแปลงองุ่นที่สวยงามให้ท่านชมตั้งแต่แรกพบ ถัดเข้าไป จะพบกับร้านอาหาร ร้านของฝาก และเป็นอาคารต้อนรับลักษณะเป็นบ้านไม้ผสมปูนหลังใหญ่เน้นเฟอร์นิเจอร์ตกแต่ง จากไม้ทั้งหมด เข้ากับบรรยากาศได้อย่างดี ที่นี้มีเมนูอาหารไทยและอาหารยุโรป สเต็กจานเด็ดที่คัดแต่วัตถุดิบชั้นดี', '08:00:00', '17:00:00', 21, 14.388969, 101.8746757),
(6, 'อนุสรณ์วีรกรรมทุ่งสัมฤทธิ์', 'หมู่ 1 ถนนสัมฤทธิ์ ตำบล:สัมฤทธิ์ อำเภอ:พิมาย 30110', 'ทุ่งสัมฤทธิ์เป็นสถานที่ทางประวัติศาสตร์อีกแห่งของโคราช ที่เชื่อมโยงกับเหตุการณ์ที่ย่าโมนำชาวโคราชสู้รบกับกองทัพเวียงจันทน์จนได้ชัยชนะ ลักษณะเป็นทุ่งโล่งอย่างที่เห็นทั่วไป ชาวบ้านทุ่งสัมฤทธิ์ ได้ร่วมกันสร้างศาลสถิตดวงวิญญาณนางสาวบุญเหลือ และวีรชนชาวโคราชเอาไว้บริเวณทุ่งสัมฤทธิ์ เพื่อกราบไว้สักการะ ปัจจุบันได้มีการสร้างอาคารหลังใหม่ขยายให้โอ่โถงขึ้น ประวัติเล่ากันว่า เมื่อคราวย่าโมเป็นผู้นำชาวโคราชเข้าต่อสู้กับฝ่ายเจ้าอนุวงศ์จนได้ชัยชนะ ณ ทุ่งสัมฤทธิ์ มีสตรีผู้กล้าหาญร่วมต่อสู้อีกท่านหนึ่งคือ นางสาวบุญเหลือ ซึ่งเป็นผู้พลีชีพด้วยการจุดไฟทำลายเกวียน ที่บรรทุกดินระเบิดจนตัวตาย เมื่อวันที่ 4 มีนาคม 2369 ชาวบ้านทุ่งสัมฤทธิ์และชาวโคราชได้ให้ความเคารพนับถือ ไม่ยิ่งหย่อนกว่าย่าโมและเรียกนางสาวบุญเหลือว่า \"ย่าเหลือ\" สิ่งน่าสนใจ อนุสรณ์สถานวีรกรรมทุ่งสัมฤทธิ์ เป็นศาลสถิตดวงวิญญาณนางสาวบุญเหลือหรือย่าเหลือ และวีรชนชาวโคราชสร้างเป็นศาลาทรงไทย แบบจัตรุมุข ขนาดกว้าง 5 เมตร ยาว 5 เมตร ชาวทุ่งสัมฤทธิ์ร่วมกันสร้างขึ้นใ่น พ.ศ. 2531 ภายในศาลมีรูปปั้นนางสาวบุญเหลือ ขนาดย่อมยืนอยู่ในท่าถือคบเพลิงที่นำไปจุดเกวียนบรรทุกดินระเบิดของทหารลาวตามเรื่องราวในอดีตที่เล่ากันมา ข้าง ๆ นางสาวบุญเหลือมีรูปปั้นและภาพวาดของย่าโมหรือท้าวสุรนารี ใ่นแต่ละวันจะมีชาวบ้านทุ่งสัมฤทธิ์และคนจากที่อื่นแวะเวียนมากราบไหว้บูชาบนบานศาลกล่าว เพราะเชื่อว่าดวงวิญญาณย่าเหลือยังสถิตอยู่ ณ ทุ่งสัมฤทธิ์ ชาวบ้านทุ่งสัมฤทธิ์จะพร้อมใจกันจัดงานรำลึกถึงวีรกรรมในวันที่ 4 มีนาคมของทุกปี', '08:00:00', '18:00:00', 21, 15.2113456, 102.3847495),
(7, 'วัดพายัพ', '308 ถนน จอมพล ตำบล:ในเมือง อำเภอ:เมืองนครราชสีมา 30000', 'วัดพายัพ ได้มีการบูรณะปฎิสังขรณ์เรื่อยมา โดยศิลปะที่ใช้สร้างพระอุโบสถของวัดนั้นเป็นศิลปะสมัยอยุธยา พระอุโบสถเดิมจะเป็น ลักษณะทรงสำเภา ก่อสร้างขึ้นโดยการก่ออิฐถือปูน หลังคาเป็นหลังคาไม้ คาดว่าน่าจะมีอายุราวๆ 300 ปี มีลูกนิมิตเป็นใบเสมาคู่รอบพระอุโบสถเป็นหลักฐานทางประวัติศาสตร์', '05:00:00', '20:00:00', 21, 14.9789745, 102.0992628),
(8, 'วัดผ่านศึกอนุกูลวราราม', 'วัดผ่านศึกอนุกูล ตำบล:พญาเย็น อำเภอ:ปากช่อง 30320', 'วัดผ่านศึกอนุกูลวราราม เป็นวัดที่สร้างอยู่บนพื้นที่ของนิคมทหารผ่านศึกมาวกเหล็ก ห่างจากกรุงเทพ ๑๓๐ กิโลเมตรโดยประมาณ ห่างจากร้านอาหารแดรี่โฮม ๕๐๐ เมตร มีพระตำหนักของสมเด็จพระนเรศวรมหาราช เป็นสถานที่ศักสิทธิ์ให้กราบไหว้และขอพร และยังมีศาลเจ้าพ่อบุญลือที่ศักสิทธิ์ให้กราบไหว้และขอพรเช่นกัน', '08:00:00', '18:00:00', 21, 14.6285934, 101.2083527),
(9, 'วัดป่าภูผาสูง', 'ตำบล: มะเกลือใหม่ อำเภอ: สูงเนิน 30170', 'วัดป่าภูผาสูง เป็นชื่อของวัดที่หลายๆ คนอยากไปเยือนให้ได้สักครั้งในชีวิต ด้วยกิตติศัพท์ความศักดิ์สิทธิ์ของสถานที่ ความเชื่อมั่นศรัทธาในพระอาจารย์หลวงพ่อผู้ปฏิบัติดีปฏิบัติชอบ ความวิจิตรอลังการน่าสักการะกราบไหว้ของพระธาตุจอมผา (พระมหาธาตุเจดีย์ศรีภูผาสูง) และที่สุดคือความงดงามตระการตาของธรรมชาติอันอุดมสมบูรณ์', '06:00:00', '18:00:00', 21, 14.6867779, 101.6939805),
(10, 'วัดเทพพิทักษ์ปุณณาราม', 'ตำบล: กลางดง อำเภอ: ปากช่อง 30320', 'วัดเทพพิทักษ์ปุณณาราม หรือวัดพระขาว อยู่ที่เขาเสียดอ้า บ้านกลางดง อำเภอปากช่อง จังหวัดนครราชสีมา อยู่ฝั่งขวา จาก กรุงเทพฯมาโคราช ถนนมิตรภาพ กม.150. ที่วัดนี้มีพระพุทธรูปปางประทานพรสีขาว ขนาดใหญ่ ชื่อว่า \"พระพุทธสกลสีมามงคล\" ชาวบ้านทั่วไปเรียกว่า หลวงพ่อขาว ขนาดหน้าตักกว้าง ๒๗.๒๕ เมตร สูง ๔๕ เมตร สร้างด้วยคอนกรีตเสริมเหล็ก โดดเด่นอยู่บนยอดเขาสูงจากระดับพื้นดิน ๑๑๒ เมตร ทางซ้ายและทางขวาขององค์พระพุทธรูป สร้างโค้งเว้าในลักษณะใบโพธิ์ บันไดทั้งหมด มี ๑,๒๕๐ ขั้น หมายถึง จำนวนพระอรหันต์ที่ไปชุมนุมกันโดยมิได้นัดหมายในวันมาฆบูชา', '06:00:00', '17:00:00', 21, 14.636, 101.3473),
(11, 'สะพานไม้ 100 ปี', 'ตำบล: โคกกระชาย อำเภอ: ครบุรี 30250', 'Unseen ของเมืองโคราช นั่นคือ สะพานร้อยปี หรือบางคนเรียกว่า สะพานร่อยปี๋ อยู่ที่หมู่บ้านโคกกระชาย อ.ครบุรี ทุ่งข้าวเขียวขจี ช่วงเย็นบรรยากาศสดชื่น สบายตา ชมพระอาทิตย์ลับขอบฟ้า ท่านใดยังไม่เคยไปสัมผัสกับความสวยงาม จากคำบอกเล่าของชาวบ้านในพื้นที่ เป็นสะพานที่ผ่านการซ่อมแซมและพัฒนาบูรณาการมาหลายรุ่นหลายสมัย จนมีอายุเกินกว่าร้อยปี เป็นทางเดินยาวไปถึงสันเขื่อน พาดผ่านที่นาของชาวนา เพื่อให้สะดวกในการสันจร', '05:00:00', '19:00:00', 21, 14.4349023, 102.283032),
(12, 'อุทยานประวัติศาสตร์พิมาย', '341/3 ถนนวนปรางค์ ตำบล:ในเมือง อำเภอ:พิมาย 30110', 'ปราสาทหินพิมาย เป็นศาสนสถานในพุทธศาสนานิกายมหายานที่มีความสำคัญที่สุดแห่งประเทศไทย มีอายุราว 1000 ปีมาแล้วเมืองพิมายมีแผนผังเป็นรูปสี่เหลี่ยมผืนผ้า ขนาดกว้าง 565 เมตร ยาว 1,030 เมตร มีคูน้ำล้อมรอบมีแม่น้ำมูลไหลผ่านทางทิศเหนือและทิศตะวันออก ทางทิศใต้มีลำน้ำเค็ม ทิศตะวันตกมีลำน้ำจักราชไหลขึ้นไปบรรจบกับลำน้ำมูล คำว่า \"พิมาย\" น่าจะเป็นคำเดียวกับคำว่า \"วิมายะ\" ที่ปรากฏอยู่ในจารึกภาษาเขมรที่กรอบประตูด้านทิศตะวันออกของระเบียงคดด้านทิศใต้ของปราสาทหินพิมายระบุชื่อ \"กมรเตงชคตเสนาบดีไตรโลกยวิชัย\" ใน พ.ศ.1651ดังนั้นเมืองพิมาย จึงเชื่อได้ว่าเป็นเมืองที่มีมาตั้งแต่ในสมัยอาณาจักรเขมรโบราณ ที่มีการพัฒนาของชุมชนและสังคมตามลำดับ กรมศิลปากรได้ดำเนินการอนุรักษ์มรดกทางศิลปวัฒนธรรมแห่งนี้ โดยดำเนินการประกาศขึ้นทะเบียนโบราณสถานเมืองพิมายในราชกิจจานุเบกษา เล่มที่ 53 ตอนที่ 34 ลงวันที่ 27 กันยายน พ.ศ.2479 และได้ดำเนินการบูรณะปราสาทหินพิมายครั้งใหญ่ระหว่าง พ.ศ.2507-2512 โดยกรมศิลปากรร่วมกับรัฐบาลฝรั่งเศส ทำการบูรณะปราสาทประธานด้วยเทคนิค \"อนัสติโลซีส\" (ANASTYLOSIS) คือการนำชิ้นส่วนต่างๆของตัวปราสาทประกอบเข้าด้วยกันตามหลักวิชาการและนำกลับเข้าสู่ตำแหน่งเดิม รวมทั้งได้บูรณะโบราณสถานในเมืองพิมายอย่างต่อเนื่อง ต่อมากรมศิลปากรจึงได้จัดตั้งโครงการอุทยานประวัติศาสตร์ พิมายขึ้น และดำเนินการบูรณะปรับปรุงโบราณสถานในเมืองพิมายอย่างต่อเนื่อง ต่อมากรมศิลปากรจึงได้จัดตั้งโครงการจึงได้จัดตั้งโครงการอุทยานประวัติศาสตร์พิมายขึ้น และการดำเนินการบูรณะปรับปรุงโบราณสถานอื่นๆ ที่สำคัญจนแล้วเสร้จและมีพิธีเปิดอย่างเป็นทางการเมื่อวันที่ 12 เมษายน พ.ศ.2532 โดยสมเด็จพระเทพรัตนราชสุดาฯสยามบรมราชกุมารี ทรงพระกรุณาโปรดเกล้าฯเสด็จพระราชดำเนินเป็นองค์ปประธาน', '07:00:00', '18:00:00', 21, 15.201389, 102.5075),
(13, 'วัดศาลาลอย', '205 ซ.1 ถ.ท้าวสุระ ตำบล:ในเมือง อำเภอ:เมือง 30000', 'วัดศาลาลอย มีพระอุโบสถเก่าแก่อายุกว่า 100 ปี และพระอุโบสถหลังใหม่ สร้างเมื่อ พ.ศ. 2510 เป็นลักษณะศิลปะไทยประยุกต์ โดยสร้างเป็นรูปสำเภาโต้คลื่น ใช้วัสดุพื้นเมือง คือใช้กระเบื้องดินเผาด่านเกวียน วีรกรรม ณ ทุ่งสำริดของท้าวสุรนารี หรือที่ชาวไทยเรียกกันด้วยความคุ้นเคยว่าย่าโม ภรรยาปลัดเมืองนครราชสีมา ซึ่งนำชาวโคราชลุกขึ้นสู้รบกับกองทัพของเจ้าอนุวงศ์แห่งเวียงจันทน์ ที่เข้ายึดเมืองโคราชจนแตกพ่าย และสามารถกอบกู้เมืองโคราชได้สำเร็จ ยังเป็นเรื่องที่ผู้คนรำลึกถึงคุณงามความดี และกราบขอพรจากย่าโมอยู่เสมอ นอกจากนั้นยังมีวัดศาลาลอยสถานที่สำคัญซึ่งใช้เป็นสถานที่บรรจุอัฐิของย่าโม ตามตำนานแห่งการสร้างวัดศาลาลอยเล่าว่าในปี พ.ศ.2370 ภายหลังจากชนะศึกแล้ว ย่าโมและท่านพระยาปลัดสามีได้แวะพักทัพในการเดินทางเพื่อกลับเมืองโคราช ระหว่างนั้นท่านได้สั่งทำแพเสี่ยงทายเป็นรูปศาลา และให้ลอยน้ำไปตามลำตะคอง โดยตั้งจิตอธิษฐานว่าถ้าแพลอยไปหยุดลงตรงที่ใดจะสร้างวัดขึ้นไว้เป็นอนุสรณ์ ซึ่งแพนั้นก็ได้ลอยมาติดตรงริมฝั่งลำตะคองอันเป็นที่ตั้งของวัดศาลาลอยแห่งนี้ ต่อมาภายหลังเมื่อย่าโมได้ถึงแก่อสัญกรรมลงเมื่ออายุ 81 ปี ในปี พ.ศ.2396 พระยาปลัดสามีของท่านได้ให้ก่อเจดีย์บรรจุอัฐิของย่าโมไว้ที่วัดศาลาลอย วัดแห่งนี้จึงเป็นที่เคารพสักการะของชาวโคราชสืบมาจนถึงปัจจุบัน', '05:00:00', '19:00:00', 21, 14.980684, 102.116661),
(14, 'หอดูดาวเฉลิมพระเกียรติ 7 รอบพระชนมพรรษา นครราชสีมา', 'ตำบล: ในเมือง อำเภอ: เมืองนครราชสีมา 30000', 'หอดูดาวภูมิภาคโคราช หอดูดาวภูมิภาคแห่งแรกในไทย ตั้งอยู่ภายในพื้นที่ มหาวิทยาลัยเทคโนโลยีสุรนารี หอดูดาวเฉลิมพระเกียรติ 7 รอบ พระชนมพรรษา นครราชสีมา เป็นหนึ่งในโครงการก่อสร้างหอดูดาวเฉลิมพระเกียรติในส่วนภูมิภาคของสถาบันวิจัยดาราศาสตร์แห่งชาติ (องค์การมหาชน) เพื่อเป็นศูนย์กลางการเรียนรู้ และให้การบริการทางวิขาการด้านดาราศาสตร์ ได้อย่างทั่วถึง ครอบคลุมทุกภูมิภาคของประเทศ อีกทั้งยังเป็นแหล่งเรียนรู้ ค้นคว้า และเผยแพร่ความรู้ทางด้านดาราศาสตร์ ซึ่งครู อาจารย์ นักเรียน และนักศึกษา ตลอดจนประชาชนในเขตพื้นที่จังหวัดนครราชสีมา และจังหวัดใกล้เคียงจะได้ใช้ทรัพยากรภายในหอดูดาวเฉลิมพระเกียรติฯ นี้ เป็นแหล่งการเรียนรู้ทางดาราศาสตร์ และสร้างสรรค์งานวิจัยระดับพื้นฐาน อันจะเป็นรากฐานที่สำคัญของการพัฒนาทักษะ และกระบวนการคิดอย่างวิทยาศาสตร์ให้กับประชาชนโดยเฉพาะเยาวชนของประเทศ', '09:00:00', '16:30:00', 21, 14.873986, 102.028581),
(15, 'โบนันซ่า เอ็กโซติก พาร์ค (Bonanza Exotic Park)', 'ตำบล: พญาเย็น อำเภอ: ปากช่อง 30130', 'เป็นสวนสัตว์ขนาดเล็กมีเนื้อที่โดยรวมประมาณ 100 กว่าไร่ ระยะทางเดินเป็นวงกลมรอบภูเขาขนาดเล็กประมาณ 700 เมตรสวนสัตว์ โบนันซ่า เอ็กโซติก ซู ของโบนันซ่ารีสอร์ทเขาใหญ่', '10:00:00', '17:00:00', 21, 14.583286, 101.4384291),
(16, 'บ้านศิลปินแห่งชาติ ศร.เกียรติคุณ ประหยัด พงษ์ดำ (Palazzo Pavone Gallery)', 'ตำบล: ขนงพระ อำเภอ: ปากช่อง', 'แกลลอรี่เปิดให้เข้าชมโดยไม่เก็บค่าเข้า ตามเจตนารมณ์ของอาจารย์ประหยัดที่อยากให้เยาวชนและผู้ที่สนใจงานศิลปะได้ชมเพื่อการศึกษา ภายในอาคารจัดแสดงงานศิลปะ โดยรวบรวมผลงานของอาจารย์ประหยัด ตั้งแต่ยังเป็นนักศึกษา มีงานศิลปะหลายรูปแบบทั้งภาพเขียนน้ำมัน ภาพสีน้ำ ภาพพิมพ์ งานประติมากรรม งานแกะสลัก', '09:00:00', '16:30:00', 21, 14.5794438, 101.4301701),
(17, 'ทุ่งดอกเก็กฮวยวังสองนคร', 'บ้านเขาพญาปราบ 55 2421 ตำบล:ตะขบ อำเภอ:ปักธงชัย 30150', 'ทุ่งดอกเก็กฮวยวังสองนคร อ.ปักธงชัย เหลืองอร่าม... ดอกแน่นๆ ไม่จกตา ถ่ายรูปหลบคนหน่อย สวยแน่นอน มีพร้อมให้ถ่ายรูป มีน้ำเก็กฮวยเย็นๆขายด้วย', '08:00:00', '18:00:00', 21, 14.655189, 101.875978),
(18, 'ฟลอร่า พาร์ค', 'ฟลอร่า พาร์ค 111 หมู่ 7 ตำบล: วังน้ำเขียว อำเภอ: วังน้ำเขียว', 'อาณาจักรสวนดอกไม้แห่งวังน้ำเขียว ‘ฟลอร่า พาร์ค’ อาณาจักรทุ่งดอกไม้นานาชนิดแห่งอำเภอวังน้ำเขียว ที่มีพื้นที่กว้างสุดลูกหูลูกตา ภายในมีดอกไม้เมืองหนาวสวยๆ ยังมีโซนโรส พาร์ค ที่เป็นสวนสวยเต็มไปด้วยดอกกุหลาบหลากสายพันธุ์ โดยจะได้พบกับสวนดอกไม้นานาพันธุ์ อุโมงค์ดอกไม้ กำแพงดอกไม้ และราชินีแห่งดอกไม้งาม รวมไปถึงพันธุ์ดอกไม้หายากที่สามารถเพาะพันธุ์ได้เฉพาะที่วังน้ำเขียวเท่านั้น ฟลอร่า พาร์ค เกิดขึ้นเพราะต้องการตั้งเป็นศูนย์เรียนรู้เพื่อพัฒนาการเพาะพันธุ์และผลิตไม้ดอกไม้ประดับอย่างยั่งยืน เนื่องด้วยพื้นที่แถบวังน้ำเขียวเป็นพื้นที่พิเศษที่สามารถปลูกไม้ดอกไม้ประดับรวมถึงไม้ดอกเมืองหนาวได้เป็นอย่างดี ฟลอร่า พาร์ค ภายใต้การดูแลของ “ฟ้าประทาน ฟาร์ม” ได้สนับสนุนส่งเสริมเกษตรกรให้มีส่วนร่วมกับโครงการ อาทิ การถ่ายทอดความรู้ให้กับเกษตรกร หรือการนำผลิตผลมาจำหน่าย ฯ', '08:00:00', '17:00:00', 21, 14.394077, 101.796072),
(19, 'Scenical World Khao Yai', 'บริษัท กรีนเนอรี่ ปาร์ค มอลล์ จำกัด 777 หมู่ที่ 5 ถนนธนะรัชต์, ต.หมูสี, อ.ปากช่อง 30450', 'สวนน้ำสวนสนุก ซีนิคอลเวิลด์ เขาใหญ่ (SCENICAL WORLD KHAO YAI) เป็นแหล่งบันเทิงในสไตล์แอดเวนเจอร์ครบวงจร ถือได้ว่าเป็นแหล่งรวมเครื่องเล่นระดับโลก แต่ละชนิดสั่งตรงมาจากทวีปอเมริกา ยุโรป ออสเตรเลีย นิวซีแลนด์ และอีกหลายประเทศ อีกทั้งยังรวมเอาทั้งสวนสนุกและสวนน้ำเข้าไว้ด้วยกัน ในบรรยากาศท่ามกลางขุนเขา บนพื้นที่กว้างขวางกว่า 86 ไร่ ภายในอัดแน่นด้วยเครื่องเล่น โดยรวมเครื่องเล่นมากกว่า 40 ชนิด รวมถึงร้านอาหารและร้านค้าต่างๆ ตั้งอยู่บนถนน ธนะรัชต์ กิโลเมตรที่ 19.5 ทางขึ้นเขาใหญ่นี่เอง แบ่งออกเป็น 4 โซน ด้วยกัน โซนสวนน้ำสแปลช (SPLASH) – เป็นอาณาจักรสวนน้ำขนาดใหญ่ ที่กล้าท้าคุณมาสนุกเร้าใจได้ทุกคนในครอบครัว ทั้งยังสร้างความสนุกสนานเพลิดให้คุณได้ไม่รู้จบ กับสไลด์เดอร์ สระน้ำวน สระคลื่นยักษ์ กว่า 15 ชนิด มีทั้งสไลเดอร์เดี่ยว, คู่ และกลุ่ม และมีเครื่องเล่นหลายอย่างที่เป็นไฮไลต์ เช่น Splash Coaster สไลด์เดอร์ที่ยาวที่สุดในประเทศไทยยาวถึง 195 เมตร โซนสวนน้ำสแปลชอุดมไปด้วยร่มเงาของพันธุ์ไม้นานาชนิด จึงเป็นที่สุดของความชุ่มฉ่ำกับสวนน้ำระดับเวิลด์คลาสแห่งแรกในบรรยากาศขุนเขาธรรมชาติ โซนสวนสนุกเอ็กไซด์ (EXCITE) สวนสนุกกลางแจ้ง ที่เรียกได้ว่าอยู่ท่ามกลางธรรมชาติอย่างแท้จริง เพราะนอกจากอยู่ห่างจากความวุ่นวายในเมืองใหญ่แล้ว ยังล้อมรอบไปด้วยหุบเขาให้คุณชมวิวมุมสูงได้ 360 องศา พร้อมสูดอากาศบริสุทธิ์ได้อย่างเต็มปอด มาพร้อมกับเครื่องเล่น กว่า 20 ชนิด ที่สามารถเล่นได้ทั้งเด็กและผู้ใหญ่ เรียกได้ว่ามีตั้งแต่เครื่องเล่นสำหรับเด็กจนถึงเครื่องเล่นที่น่าหวาดเสียวจนเกือบหยุดหายใจเลยทีเดียว และเครื่องเล่นแต่ละอย่างก็การรับรองความปลอดภัย นอกจากนั้นแล้วยังมีเจ้าหน้าที่คอยดูแลอย่างใกล้ชิด พร้อมทั้งมีกฎระเบียบการดูแลอย่างชัดเจน โซนสวนสนุกคิดส์ (KIDS) สวนสนุกสำหรับเด็ก รวมเครื่องเล่นหรรษาที่สนุกกันได้ทั้งครอบครัว กว่า 7 ชนิด มีเครื่องเล่นน่ารักๆ เอาใจคุณหนูๆ วัยซน รับรองว่าเด็กๆ น่าจะสนุกสนานได้เต็มที่ และที่สำคัญเครื่องเล่นทุกชนิดอยู่ภายใต้การดูแลรักษาความปลอดภัยที่ได้รับมาตรฐานระดับสากล โซนช็อปปิ้งมอลล์ (MALL) ไลฟ์สไตล์มอลล์ ที่ได้รับที่ได้รับแรงบันดาลใจในการออกแบบจากเมืองซาคราเมนโต รัฐแคลิฟอร์เนียในยุคตื่นทอง เพื่อสัมผัสบรรยากาศแบบมิดเวสต์ ซิตี้ สวรรค์แห่งการช้อปปิ้งและกิจกรรมไลฟ์สไตล์แห่งนี้จะ เต็มไปด้วยร้านค้าชื่อดังในแวดวงแฟชั่น ร้านค้าแฟชั่น และร้านอาหารสไตล์ ไลฟ์ฟู้ด ทั้ง Paul Frank, Rip Curl, Pena House, 71 Export และ True Coffee เป็นต้น', '10:00:00', '18:00:00', 21, 14.53753, 101.37824),
(20, 'น้ำพุธรรมชาติบ้านท่าช้าง', 'ตำบล: หมูสี อำเภอ: ปากช่อง', 'น้ำผุดปากช่อง หรือ น้ำพุธรรมชาติบ้านท่าช้าง เป็นตาน้ำที่มีน้ำผุดออกมาตลอดปี ได้รับการกรองจากก้อนหินที่มีแคลเซียมคาร์บอเนตสูง เลยทำให้น้ำมีความใสและมีสีฟ้าเขียว คล้ายกับ สระมรกต จะมีบ่อหรือชั้นลดหลั่นกันไปเป็นบ่อๆ ลงมา ประมาณ 4 บ่อ และมีฝายกันน้ำเพื่อให้เป็นน้ำตกที่สามารถลงเล่นน้ำได้ แต่เฉพาะบริเวณที่เป็นตาน้ำจะไม่อนุญาติให้ลงเล่น', '08:00:00', '17:00:00', 21, 14.54821, 101.42042),
(21, '129 ART MUSEUM', '129 โครงการบ้านทิวเขา ตำบล: หมูสี อำเภอ: ปากช่อง', 'ดิฉันรักและชื่นชมงานศิลปะ จึงได้สะสมผลงานศิลปะที่มีคุณค่าและหายากอย่างต่อเนื่องมาหลายสิบปี มีทั้งผลงานของศิลปินแห่งชาติและศิลปินที่มีชื่อเสียงของไทย ทั้งที่มีชีวิตอยู่และเสียชาติไปแล้ว มากกว่า 400 ชิ้น ดิฉันและครอบครัวหวังว่าพิพิธภัณฑ์ 129 จะเป็นประโยชน์แก่สังคม อีกทั้งจะมีส่วนสร้างให้คนไทยได้ภาคภูมิใจในประวัติศาสตร์ศิลป์ของชาติ และเป็นแรงผลักดันให้อนุชนรุ่นหลังมีพลังในการสร้างสรรค์ผลงานศิลปะสืบต่อไป', '10:00:00', '17:00:00', 21, 14.634756, 101.4114963),
(22, 'อนุสาวรีย์ท้าวสุรนารี', 'ตำบล: ในเมือง อำเภอ: เมืองนครราชสีมา 30000', 'อนุสาวรีย์ท้าวสุรนารี สร้างขึ้นเมื่อ พ.ศ. 2477 เพื่อเป็นอนุสรณ์รำลึกถึงวีรกรรมอันยิ่งใหญ่ของท้าวสุรนารี หรือ \"ย่าโม\" วีรสตรีไทยผู้อยู่ในหัวใจของชาวโคราชทุกคน และถือเป็นอนุสาวรีย์ที่ยกย่องความดีของวีรสตรีสามัญชนคนแรกของประเทศ อนุสาวรีย์นี้หล่อด้วยทองแดงรมดำสูง 185 เซนติเมตร หนัก 325 กิโลกรัม ประดิษฐานอยู่บนฐานไพที สี่เหลี่ยมย่อมุมไม้สิบสองสูง 250 เซนติเมตร แต่งกายด้วยเครื่องยศพระราชทานในท่ายืนมือขวากุมดาบ ปลายดาบจรดพื้น มือซ้ายท้าวสะเอว หันหน้าไปทางด้านทิศตะวันตก ซึ่งเป็นที่ตั้งของกรุงเทพมหานคร ภายในบรรจุอัฐิของท้าวสุรนารี หรือย่าโมของชาวโคราช ท้าวสุรนารีมีนามเดิมว่า คุณหญิงโม เป็นภรรยาปลัดเมืองนครราชสีมา เมื่อ พ.ศ. 2369 เจ้าอนุวงศ์แห่งเวียงจันทน์ยกทัพเข้ายึดเมืองโคราช คุณหญิงโมได้รวบรวมชาวบ้านเข้าสู้รบและต่อต้านกองทัพเจ้าอนุวงศ์ไม่ให้ยกมาตีกรุงเทพฯ ได้เป็นผลสำเร็จ พระบาทสมเด็จพระนั่งเกล้าเจ้าอยู่หัวจึงทรงพระกรุณาโปรดเกล้าฯ สถาปนาคุณหญิงโมเป็น \"ท้าวสุรนารี\" และเพราะย่าโมกลายเป็นสัญลักษณ์ของชาวโคราช จึงเป็นที่มาของอีกชื่อที่เรียกขานนครราชสีมาว่า \"เมืองย่าโม\" นั่นเอง ทุกปีในวันที่ 23 มีนาคม ถึงวันที่ 3 เมษายน จะมีการจัดงานวันฉลองชัยชนะของท้าวสุรนารี ณ บริเวณหน้าศาลากลางจังหวัด นักท่องเที่ยวสามารถเดินทางมาร่วมงานอันยิ่งใหญ่ได้ ที่ตั้ง : ตั้งอยู่ใจกลางเมือง ระหว่างถนนราชดำเนินกับถนนชุมพล อำเภอเมืองฯ จังหวัดนครราชสีมา', '00:00:00', '23:59:59', 21, 14.974564, 102.098072),
(23, 'แหล่งหินตัดสีคิ้ว', 'ตำบล: ลาดบัวขาว อำเภอ: สีคิ้ว', 'แหล่งหินตัดสีคิ้ว ตั้งอยู่ริมถนนมิตรภาพ (ทางหลวงหมายเลข 2) บริเวณหลักกิโลเมตรที่ 206-207 ข้างวัดเขาทองวนารามหรือวัดภูเขาทอง อำเภอสีคิ้ว จังหวัดนครราชสีมา มีสภาพเป็นเนินเขาขนาดย่อม เป็นแหล่งวัตถุดิบหินทรายแหล่งหนึ่งของมนุษย์สมัยโบราณ สำหรับใช้ในการก่อสร้างอาคารหรือสิ่งปลูกสร้างต่างๆ โดยเฉพาะปราสาทในวัฒนธรรมเขมรในเขตอำเภอสีคิ้วและอำเภอสูงเนินในปัจจุบัน เช่น ปราสาทเมืองแขก ปราสาทหัวสระ ปราสาทโนนกู่ เป็นต้น จากร่องรอยการสกัดหินทราย พบว่าส่วนใหญ่เป็นก้อนสี่เหลี่ยมผืนผ้า บ้างเป็นสี่เหลี่ยมจัตุรัสหรือลูกบาศก์ บางส่วนปรากฏเป็นร่องสกัดแนวยาวต่อเนื่องกัน แต่ยังไม่มีการสกัดเอาก้อนหินทรายออกไป บางส่วนได้ถูกสกัดออกไปแล้ว ที่พื้นผิวด้านข้างของก้อนหินทรายที่ถูกสกัด พบร่องรอยที่เกิดจากเครื่องมือที่ใช้สกัด นักวิชาการส่วนใหญ่คาดว่าน่าจะเป็นเครื่องมือเหล็กประเภทสิ่ว ทั้งนี้ร่องที่เกิดจากการสกัดหินทรายบริเวณแหล่งหินตัดนี้ อยู่ในแนวทิศตะวันออกเฉียงเหนือ-ตะวันตกเฉียงใต้และแนวทิศตะวันตกเฉียงเหนือ-ตะวันออกเฉียงใต้ ซึ่งสอดคล้องกับแนวแตกตามธรรมชาติของหินทรายบริเวณนี้ โดยวางตัวตัดการเป็นรูปสี่เหลี่ยมผืนผ้าคล้ายลักษณะรูปหลังเต่า (กรมทรัพยากรธรณี 2557) และยังพบว่าคนโบราณสกัดหินบางส่วนเริ่มจากรอยกุมลักษณ์ที่พบบริเวณผิวหน้าชั้นหิน', '07:00:00', '18:00:00', 21, 14.856388, 101.6755752),
(24, 'พิพิธภัณฑสถานแห่งชาติพิมาย', 'ตำบล: ในเมือง อำเภอ: พิมาย 30110', 'พิพิธภัณฑสถานแห่งชาติพิมาย ตั้งอยู่ในอำเภอพิมาย จังหวัดนครราชสีมา เป็นพิพิธภัณฑ์ที่เก็บรวบรวมหลักฐาน วัตถุโบราณที่ค้นพบบริเวณแถบอารยธรรมอีสานตอนล่างอาทิเช่น เครื่องมือ เครื่องประดับ ชิ้นส่วนสถาปัตยกรรม เช่น ทับหลัง ทวารบาล เป็นต้น โดยภายในได้แบ่งออกเป็น 3 ส่วน ได้แก่ ส่วนที่ 1 อาคารจัดแสดงชั้นบน จัดแสดงเรื่องพัฒนาการของสังคมในดินแดนอีสานตอนล่าง ส่วนที่ 2 อาคารชั้นล่าง จัดแสดงโบราณวัตถุศิลปะเขมรในอีสานตอนล่าง\r\nส่วนที่ 3 อาคารโถง จัดแสดงโบราณวัตถุซึ่งเป็นส่วนประกอบสถาปัตยกรรมหินทราย เช่น ทับหลัง เสาประดับกรอบประตู กลีบขนุน บัวยอดปราสาท เป็นต้น', '09:00:00', '16:00:00', 21, 15.224812, 102.4944519),
(25, 'ศูนย์ดาราศาสตร์และวิทยาศาสตร์ (ท้องฟ้าจำลอง)', 'ตำบล: ในเมือง อำเภอ: เมืองนครราชสีมา 30000', 'ท้องฟ้าจำลองโคราช โครงการศูนย์ดาราศาสตร์ (ท้องฟ้าจำลอง) พื้นที่ 30 ไร่ งบประมาณ 155 ล้านบาท จัดสร้างขึ้นเพื่อเป็นแหล่งศึกษาเรียนรู้ทางดาราศาสตร์และวิทยาศาสตร์ของนักเรียนและประชาชนทั่วไป', '08:30:00', '16:30:00', 21, 14.9070754919, 101.981368661),
(26, 'ปราสาทหินพนมวัน', 'บ้านมะค่า ตำบล: บ้านโพธิ์ อำเภอ: เมืองนครราชสีมา', 'โบราณสถานสถาปัตยกรรมในคติความเชื่อของเขมรโบราณ สร้างราวพุทธศตวรรษที่ 16-17 เพื่อเป็นเทวสถาน ต่อมาภายหลังดัดแปลงเป็นพุทธสถาน', '08:00:00', '17:00:00', 21, 15.0251291086, 102.193644014),
(27, 'เขาใหญ่อาร์ตมิวเซียม (Khao Yai Art Museum)', 'บ้านท่าช้าง ซอย 6 หมู่ 16 ตำบลหมูสี อำเภอปากช่อง 30130', 'เขาใหญ่อาร์ตมิวเซียมสร้างขึ้นบนพื้นทีก่ว่า 20 ไร่ ของตำบลหมูสี อำเภอปากช่อง จังหวัดนครราชสีมา ภายในพื้นที่ทั้งหมดประกอบด้วยอาคารหอศิลป์ขนาดใหญ่กว่า 1,700 ตารางเมตร จัดแสดงผลงานศิลปะในการสะสมของ คุณพงษ์ชัย จินดาสุข มีสวนประติมากรรมซึ่งจัดวางกลางแจ้ง หอศิลป์เปิดให้บริการตั้งแต่เวลา 10.00 น.-18.00 น. และมีบ้านพักในชื่อ Art Space จำนวน 6 หลัง ซึ่งสร้างขึ้นด้วยรูปแบบทางสถาปัตยกรรมแบบโมเดิร์น', '10:00:00', '18:00:00', 21, 14.5531545, 101.433381),
(28, 'วัดวชิราลงกรณ์วรารามวรวิหาร', 'ถนนธนะรัชต์ (หนองน้ำแดง) ตำบล:หนองน้ำแดง อำเภอ:ปากช่อง', 'สมเด็จพระเจ้าอยู่หัวมหาวชิราลงกรณ บดินทรเทพยวรางกูร รัชกาลที่ 10 แห่งพระบรมราชจักรีวงศ์ ทรงมีพระมหากรุณาธิคุณล้นพ้นยิ่งต่อประชาชนคนไทยมาเนิ่นนาน ทรงสืบสานพระราชปณิธานแห่งองค์ พระบาทสมเด็จพระปรมินทรมหาภูมิพลอดุลยเดช รัชกาลที่ 9 มาโดยตลอด ซึ่งรวมถึงพระมหากรุณาธิคุณในการพัฒนาสังคมไทยโดยมี “วัด” เป็นกลไกสำคัญ ดังเช่น พระมหากรุณาธิคุณที่ทั้ง 2 พระองค์ทรงมีต่อคนไทยผ่านทางพระอารามหลวงชั้นตรี ชนิดวรวิหาร “วัดวชิราลงกรณวรารามวรวิหาร” ต.หนองน้ำแดง อ.ปากช่อง จ.นครราชสีมา ซึ่งเป็น พระอารามหลวงในพระองค์ รัชกาลที่ 10', '05:00:00', '20:00:00', 21, 14.64573, 101.35588),
(29, 'กังหันลมเขายายเที่ยง', 'ตำบล: คลองไผ่ อำเภอ: สีคิ้ว', 'กังหันลมเขายายเที่ยง เป็นกังหันลมที่ใหญ่ที่สุดในประเทศไทยที่ใช้ผลิตกระแสไฟฟ้าได้มากถึงปีละหลายล้านหน่วย บนยอดเขาที่กังหันลมยักษ์ตั้งเรียงรายกันอยู่ยังมีภูมิทัศน์สวยงาม มีอ่างเก็บน้ำ และจุดชมวิวที่สามารถมองเห็นทัศนียภาพสวยๆ ของเขื่อนลำตะคอง และภูเขาที่ไล่เรียงลดหลั่นกันสวยงาม', '06:00:00', '18:00:00', 21, 14.80117, 101.55806),
(30, 'สวนน้ำเฉลิมพระเกียรติ (สวนน้ำบุ่งตาหลั่ว)', 'ตำบล: หนองไผ่ล้อม อำเภอ: เมืองนครราชสีมา 30000', 'เดิมทีเป็นหนองน้ำธรรมชาติ เรียกชื่อว่า “ บุ่งตาหลั่ว ” หรือที่ประชาชนในละแวกใกล้เคียงเรียกติดปากว่า “ หนองไผ่ล้อม ” ตั้งอยู่ในเขตตำบลหนองไผ่ล้อม อำเภอเมือง จังหวัดนครราชสีมา มีพื้นที่ ๓๕๖ ไร่ ในห้วงฤดูแล้ง น้ำจะแห้งเหลือแต่ดินโคลน ประชาชนได้รับความเดือดร้อน โดยเฉพาะอย่างยิ่งมีผลกระทบต่อกำลังพล และครอบครัวทหารในพื้นที่ค่ายสุรนารี ครั้นต่อมาในปีพุทธศักราช ๒๕๓๘ พระบาทสมเด็จพระบรมชนกาธิเบศร มหาภูมิพลอดุลยเดชมหาราช บรมนาถบพิตร และสมเด็จพระบรมราชชนนีพันปีหลวง เสด็จพระราชดำเนินโดยเฮลิคอปเตอร์พระที่นั่ง เพื่อปฏิบัติพระราชกรณียกิจในพื้นที่อีสานตอนล่าง โดยเสด็จผ่านแหล่งน้ำแห่งนี้ และทรงมีพระราชดำริว่า บุ่งตาหลั่วสามารถทำเป็นแก้มลิง เพื่อเก็บน้ำไว้อุปโภค บริโภค และป้องกันน้ำท่วมในเขตพื้นที่ของจังหวัดนครราชสีมาได้อีกแห่งหนึ่ง โดยมี พลโท สุรยุทธ์ จุลานนท์ แม่ทัพภาคที่ ๒ ในขณะนั้น ได้รับสนองพระบรมราชโองการ และ เริ่มการพัฒนาแหล่งน้ำบุ่งตาหลั่ว ต่อเนื่องมาถึง พลโท เรวัต บุญทับ แม่ทัพภาคที่ ๒ ที่มารับหน้าที่แทน และสามารถพัฒนาโครงการจนแล้วเสร็จ ในสมัย พลโท สนั่น มะเริงสิทธิ์ แม่ทัพภาคที่ ๒ ท่านต่อมา ในปีพุทธศักราช ๒๕๔๒ โดยความร่วมมือจากส่วนราชการ องค์กร พ่อค้า ประชาชน ทุกหมู่เหล่า และหน่วยทหารในกองทัพภาคที่ ๒ โดยใช้งบประมาณทั้งสิ้น ๔๑,๙๙๕,๕๙๙ บาท และเมื่อวันที่ ๒๗ ตุลาคม ปีพุทธศักราช ๒๕๔๒ สมเด็จพระกนิษฐาธิราชเจ้า กรมสมเด็จพระเทพรัตนราชสุดาฯ สยามบรมราชกุมารี เสด็จทรงเปิดสวนสาธารณะแห่งนี้อย่างเป็นทางการ และพระราชทานนามว่า “ สวนน้ำบุ่งตาหลั่วเฉลิมพระเกียรติรัชกาลที่ ๙ ” เพื่อเฉลิมพระเกียรติพระบาทสมเด็จพระบรมชนกาธิเบศร มหาภูมิพลอดุลยเดชมหาราช บรมนาถบพิตร ในมหามงคลเฉลิมพระชนมพรรษาครบ ๖ รอบ และทรงปลูกต้นสาธร ต้นไม้ประจำจังหวัดนครราชสีมา ไว้บริเวณด้านหน้าลานกีฬา ปัจจุบันต้นสาธรเจริญเติบโต แผ่กิ่งก้านสาขาและออกดอกสวยงามจนเป็นที่ชื่นชมของพสกนิกรที่ได้มาพบเห็น และได้ให้บริการกับประชาชน ส่วนราชการ ภาครัฐ เอกชนในการพักผ่อนหย่อนใจ ออกกำลังกาย และจัดกิจกรรมต่างๆ ภายในสวนน้ำฯ ร.๙ มาจนถึงปัจจุบัน', '05:00:00', '21:00:00', 21, 14.9625, 102.0906),
(34, 'ตำโคราชTumkorat Restaurant & Coffee', 'ตำบล หนองกระทุ่ม อำเภอเมืองนครราชสีมา นครราชสีมา 30000', 'ตำโคราชTumkorat Restaurant & Coffee', '09:00:00', '22:00:00', 21, 12.414, 54.123),
(38, 'อุทยานไทรงาม', 'แยกไทรงาม หมู่บ้านไทรงาม ถนน ชลประทาน ตำบล ในเมือง อำเภอพิมาย นครราชสีมา พิมาย, นครราชสีมา', 'ตั้งอยู่บริเวณโครงการส่งน้ำและบำรุงรักษาทุ่งสัมฤทธิ์ ถนนชลประทาน เป็นพื้นที่สาธารณะที่มีต้นไทรขึ้นอยู่เป็นจำนวนมาก ต้นไทรเหล่านี้เกิดจากต้นแม่อายุกว่า 350 ปี แผ่กิ่งก้านสาขาเจริญเติบโตเป็นลำต้นใหม่มากมาย รากไทรพันซับซ้อนประสานกันเป็นใยแมงมุม โดยมีรากไทรบางส่วนทิ้งตัวลงมาเป็นม่านเหมือนซุ้มประตูต้นไม้ ครอบคลุมพื้นที่ประมาณ 2,322 ตารางเมตร เป็นสถานที่ที่มีชื่อเสียงมาตั้งแต่ครั้งสมเด็จพระศรีพัชรินทราบรมราชินีนาถ ในรัชกาลที่ 5 เสด็จประพาสเมืองพิมาย เมื่อวันที่ 21 มกราคม 2454 และพระราชทานนามว่า “ไทรงาม”', '09:00:00', '18:00:00', 21, 15.226508, 102.504191),
(39, 'โรงไฟฟ้าลำตะคองชลภาวัฒนา', '399 หมู่ที่ 12, ถนนมิตรภาพ, ปากช่อง, นครราชสีมา', 'ตั้งอยู่ถนนมิตรภาพ ตำบลหนองสาหร่าย บริเวณเส้นแบ่งเขตระหว่างอำเภอสีคิ้วและอำเภอปากช่อง ใกล้กับเขื่อนลำตะคอง เป็นโรงไฟฟ้าพลังน้ำแบบสูบกลับ ทำงานโดยการสูบน้ำจากอ่างเก็บน้ำเขื่อนลำตะคองของกรมชลประทาน ไปเก็บไว้ที่อ่างพักน้ำบนเขายายเที่ยงในช่วงเวลาที่มีความต้องการใช้ไฟฟ้าน้อยหรือช่วงกลางคืนถึงเช้า และเมื่อมีความต้องการใช้ไฟฟ้าสูงในช่วงกลางวันถึงค่ำ จะปล่อยน้ำเพื่อผลิตไฟฟ้า และปล่อยลงอ่างเก็บน้ำเขื่อนลำตะคองเหมือนเดิม พระบาทสมเด็จพระบรมชนกาธิเบศร มหาภูมิพลอดุลยเดชมหาราช บรมนาถบพิตร ทรงพระกรุณาโปรดเกล้าฯ พระราชทานชื่อโรงไฟฟ้าพลังน้ำลำตะคองแบบสูบกลับว่า “โรงไฟฟ้าลำตะคองชลภาวัฒนา” มีความหมายว่า โรงไฟฟ้าลำตะคองเป็นที่พัฒนาแสงไฟด้วยน้ำ', '08:00:00', '16:00:00', 21, 14.808379, 101.53903),
(40, 'พิพิธภัณฑ์ไม้กลายเป็นหิน', '184 หมู่ 7 ถนนมิตรภาพ - หนองปลิง บ้านโกรกเดือนห้า เมืองนครราชสีมา, นครราชสีมา', 'ตั้งอยู่บ้านโกรกเดือนห้า ถนนมิตรภาพ-หนองปลิง ตำบลสุรนารี เป็นพิพิธภัณฑ์แห่งแรกของประเทศไทยและหนึ่งในเจ็ดแห่งของโลก ที่แสดงพรรณไม้ดึกดำบรรพ์ขนาดใหญ่ อายุประมาณ 800,000–320 ล้านปี ภายในเป็นสถานที่ชมภาพยนตร์กำเนิดโลกและวิวัฒนาการของสิ่งมีชีวิต สวนไม้กลายเป็นหินที่จำลองภูมิประเทศของภาคอีสานบริเวณลุ่มน้ำมูล-ชี มีพิพิธภัณฑ์ช้างดึกดำบรรพ์ 8 สกุล จาก 42 สกุล ที่พบทั่วโลก ทั้งช้างสี่งา ช้างงาจอบ ช้างงาเสียม  รวมทั้งฟอสซิลสัตว์นานาชนิด เช่น เต่ายักษ์ ตะโขง เอป เปิดให้เข้าชมทุกวันอังคาร-อาทิตย์ เวลา 09.00-16.00 น. ค่าเข้าชม ชาวไทย เด็ก 20 บาท ผู้ใหญ่ 50 บาท ชาวต่างชาติ : เด็ก 50 บาท ผู้ใหญ่ 120 บาท พระภิกษุ สามเณร คนพิการ และผู้สูงอายุ ไม่เสียค่าเข้าชม', '09:00:00', '16:00:00', 21, 14.85853, 102.0271),
(42, 'บาร์ไอติม เขาใหญ่', '8, 2 ถ. ธนะรัชต์ อำเภอปากช่อง นครราชสีมา 30130', 'ไอศกรีมกว่า 40 รสชาติ ฮันนี่โทสต์\r\nบาร์ไอติม เขาใหญ่ หากใครผ่านปากช่องทางถนนธนะรัชต์จะไม่พลาดสายตาจากรูปปั้นไอศกรีมขนาดใหญ่หน้าร้านบาร์ไอติมอย่างแน่นอน ตัวร้านมีพื้นที่กว้างขวางตกแต่งแบบลอฟท์ เหมาะแก่การพักผ่อนทางไอศกรีมสบาย ๆ ความพิเศษของร้านบาร์ไอติมคือมีรสชาติให้เลือกมากกว่า 40 รสชาติ ตั้งแต่รสชาติที่คุ้นเคยอย่าง รสช็อกโกแลต รสสตรอเบอร์รี่ จนไปถึงรสนมฮอกไกโด หรือรสชาติที่นำอาหารคาวมาทำเป็นเมนูไอศกรีม อาทิ รสลาบ รสผัดหมี่โคราช มะม่วงน้ำปลาหวาน เป็นต้น', '10:30:00', '19:00:00', 21, 14.6683, 101.396),
(43, 'ไพร์ม 19 เขาใหญ่', '777 หมู่ 5 ศูนย์การค้ากรีนเนอรี่ปาร์คมอลล์ หมูสี ปากช่อง นครราชสีมา 30130', 'ร้านไพร์ม 19 เขาใหญ่ ตั้งอยู่ที่กิโลเมตรที่ 19 บนถนนธนะรัชต์ เป็นร้านอาหารสไตล์อเมริกันยุค 90s จุดเด่นอยู่ที่เมนูจากเนื้อต่าง ๆ ที่คัดสรรมาอย่างพิถีพิถัน โดยเฉพาะเนื้อวัวที่นำมาทำสเต็กเนื้อแองกัสซึ่งนำเข้ามาจากแหล่งเลี้ยงวัวชั้นดีในออสเตรเลีย นอกจากเนื้อแล้วทางร้านยังมีเมนูให้เลือกอีกมากมาย อาทิ พิซซ่าหน้าต่าง ๆ หรือสปาเกตตี้ ในยามค่ำ นักท่องเที่ยวสามารถรับประทานอาหารพร้อมฟังดนตรีสดได้อีกด้วย', '11:00:00', '23:00:00', 21, 14.5373, 101.378),
(44, 'มิดวินเทอร์ กรีน', '88/88 หมู่ 10 ถนนธนะรัชต์ ปากช่อง นครราชสีมา 30130', 'มิดวินเทอร์ กรีน (Midwinter Green) เป็นร้านอาหารในบรรยากาศสวยหรูของปราสาทหลังงามสีขาวสไตล์ยุโรปเหนือ เมื่อเข้ามารับประทานอาหารที่นี่ ลูกค้าจะรู้สึกราวกับเป็นเจ้าหญิงแห่งปราสาทนี้เลยทีเดียว ร้านแห่งนี้ยังนับว่าเป็นร้านอาหารที่ใหญ่ที่สุดบนเขาใหญ่ จังหวัดนครราชสีมา อีกด้วย\r\n\r\nการตกแต่งทั้งหมดของร้านมิดวินเทอร์ กรีน ได้แรงบันดาลใจจากวรรณกรรมอังกฤษ “มิดซัมเมอร์ ไนท์สดรีม” ที่ประพันธ์โดย วิลเลียม เชคสเปียร์ ร้านแห่งนี้มีพื้นที่ให้บริการได้ทั้งด้านในและด้านนอก จึงสามารถรับรองแขกได้มากถึง 750 ที่นั่ง นับว่าเป็นร้านอาหารที่ใหญ่ที่สุดบนเขาใหญ่', '10:00:00', '23:00:00', 21, 14.6172, 101.407),
(45, 'วิหารเทพวิทยาคม', '111/90 หมู่ 6 ตำบล กุดพิมาน อำเภอด่านขุนทด นครราชสีมา 30210', 'วัดบ้านไร่” หรือวัดหลวงพ่อคูณ ที่ตั้งอยู่ใน ต.กุดพิมาน อ.ด่านขุนทด จ.นครราชสีมา ในช่วง 1-2 ปีที่ผ่านมา จะพบกับงานสถาปัตยกรรมพุทธศิลป์ขนาดใหญ่นั่นก็คือ “วิหารเทพวิทยาคม” อุทยานธรรมกลางน้ำอันน่าตื่นตาตื่นใจ วิหารเทพแห่งนี้สร้างบนพื้นที่กลางบึงน้ำขนาด 30 ไร่ ส่วนบริเวณวิหารมีขนาดกว้าง 60 เมตร ยาว 60 เมตร องค์วิหารเป็นอาคารลักษณะทรงกลมเส้นผ่านศูนย์กลาง 30 เมตร สูงประมาณ 42 เมตร มีทั้งหมด 4 ชั้น ประกอบด้วยสิ่งน่าสนใจ ได้แก่ “สะพานพญานาค” ที่ทอดกายเป็นสะพานแห่งศรัทธาเดินข้ามผ่านโลกมนุษย์สู่โลกแห่งธรรม, “ซุ้มประตูบารมีทั้ง 4 ทิศ” ได้แก่ ซุ้มพระอินทร์ ซุ้มพระยม ซุ้มพระพิรุณ และซุ้มพระกุเวร (ท้าวเวสสุวรรณ), “เสารอบอาคาร” เป็นเสาที่บรรจุภพชาติที่พระพุทธเจ้าถือกำเนิดทั้ง 523 ชาติไว้รอบๆ ด้านผนังรอบนอกนำเสนอจิตรกรรมฝาผนังเรื่อง “ทศชาติชาดก” เป็นจิตรกรรมเขียนสีแผ่นเซรามิก', '08:30:00', '17:00:00', 21, 15.2999317, 101.7331185),
(46, 'จิม ทอมป์สัน ฟาร์ม', '2072 ตำบล ตะขบ อำเภอปักธงชัย นครราชสีมา 30150', 'จิม ทอมป์สัน ฟาร์ม คือการเป็นศูนย์กลางที่รวบรวมความหลากหลายของวิถีชีวิตแบบอีสานมาไว้ในพื้นที่เดียวกัน คล้ายกับการเก็บบันทึกและสืบสานมรดกที่เปี่ยมด้วยคุณค่าที่คนอีสานรุ่นก่อนร่วมกันสร้างสรรค์ขึ้นมา ต่อยอดเป็นแหล่งเรียนรู้ให้แก่คนอีสานรุ่นหลัง รวมถึงผู้คนจากทั่วสารทิศที่หลงใหลในอัตลักษณ์ของชาวอีสาน\r\nโดยเราขมวดออกเป็น 4 กลุ่มเรื่องราว อันได้แก่ ‘วัฒนธรรมอีสาน’ ที่เกี่ยวข้องกับความเชื่อและจิตวิญญาณของคนอีสานที่แตกต่างกันไปในแต่ละท้องที่ ‘ศิลปะ’ ที่แสดงให้เห็นถึงวิถีชีวิตที่ให้ความสำคัญกับความสุนทรีย์ ‘งานฝีมือ’ ทักษะและความปราณีตในการสร้างสรรค์ผลงานผ้าทอที่เหล่าช่างฝีมือเคี่ยวกร่ำกันมารุ่นต่อรุ่น และกลุ่มสุดท้ายอย่าง ‘เกษตรกรรม’ ที่บอกเล่าถึงวิถีแห่งการกินและอยู่ร่วมกับธรรมชาติของชาวอีสานนับแต่อดีตจวบจนปัจจุบัน', '09:00:00', '17:00:00', 21, 14.6430007, 101.8655164),
(47, 'ป๋าโก้ หมูกระทะ&ซีฟู้ด บุฟเฟ่ต์ หัวทะเลโคราช', '1068 ตำบล หัวทะเล เมือง นครราชสีมา 30000', 'ร้านนี้เป็นร้านบุฟเฟต์​หมูกระทะ​&ซีฟู้ด​ ราคา​ 299​บาท​รวมเครื่องดื่ม​ ค่าเตาย่างเพิ่มอีก​ 99​บาท ไลน์อาหาร​ของเยอะมาก​ เติมตลอด​ คนเลยจะเยอะมากหน่อย', '16:00:00', '23:00:00', 21, 14.951297, 102.1373309),
(48, 'ติดมันส์ บุฟเฟ่ต์ปิ้งย่างกระทะร้อน สาขาโคราช', '184/1 ในเมือง เมือง นครราชสีมา 30000', 'หมูกระทะ ปิ้งย่าง หม่าล่า ชาบู น้ำใส น้ำดำ หม่าล่า ย่างเนยหอมๆ  ราคาหัวละ 258 บาทไม่จำกัดเวลา รวมเครื่องดื่ม💰 ราคาเด็ก(ส่วนสูงไม่ถึง90cm ทานฟรี / ส่วนสูง90-120cm ราคา138)รวมทุกอย่าง ร้านตั้งอยู่ที่ถนนสืบศิริ ข้างโรงเรียนอุบลรัตน์ -เปิดบริการทุกวัน 16:00 -23:00น.', '16:00:00', '23:00:00', 21, 14.9639864, 102.0637233),
(49, 'สวนหม่อนเนื้อย่างเกาหลี', '169/2 ถนน สุรนารายณ์ ซอย 30 กันยา อำเภอเมืองนครราชสีมา นครราชสีมา 30000', 'ร้านสวนหม่อนเนื้อย่างเกาหลี อยู่ตรงหัวโค้ง ถนน 30 กย. ร้านกว้างขวาง สะอาด ตกแต่งร้านเป็นแนวไม้ สวยกว่าร้านหมูกระทะทั่วไป ชุดใหญ่ 250 บาท', '16:00:00', '23:00:00', 21, 14.9910876, 102.1166119),
(50, 'น้ำหวานเนื้อย่างเกาหลี 30 กันยา ณ.โคราช', '215 9 ถนน ซอย 30 กันยา ต.ในเมือง อำเภอเมืองนครราชสีมา นครราชสีมา 30000', 'น้ำหวานเนื้อย่างเกาหลี 30 กันยา ณ.โคราช พิกัดร้าน : 210/1 ซ.สุรณารายณ์11 ต.ในเมือง บุฟเฟ่ต์หมูกระทะราคา 129 บาท/ คน ราคานี้ไม่รวมน้ำ (งดรับลูกค้าเวลา 23.00 น.) สำหรับไลน์อหาารบอกเลยว่าจะเต็มมากๆ ทั้งไลน์อาหารของสด อย่างหมูสไลด์ หมูสามชั้น ปลาหมึก ของทอด รวมไปถึงเมนูขนมหวานอย่างไอศกรีมอีกด้วย', '15:00:00', '23:00:00', 21, 14.9916525, 102.1123212),
(51, 'ฟรุ้งฟริ้งหมูกระทะ สาขา 30 กันยา', '261 ตำบลในเมือง เมือง นครราชสีมา 30000', 'หมูกระทะ บุฟเฟ่ต์ สุดคุ้ม 189 บาทรวมเครื่องดื่ม รวมทุกอย่าง ครบ จบที่เดียว', '16:00:00', '03:00:00', 21, 14.9916513, 102.0294485),
(52, 'สุกี้ตี๋น้อย สาขาจอหอ', '13 หมู่ 3 ตำบล จอหอ อำเภอเมืองนครราชสีมา นครราชสีมา 30310', '“สุกี้ตี๋น้อย อร่อยไม่อั้นเที่ยงวันยันเช้า” บุฟเฟต์ 219 บาท ราคาเดียว ทานได้ทุกอย่าง ​(ยังไม่รวมค่าเครื่องดื่มรีฟิลล์และภาษีมูลค่าเพิ่ม)', '11:00:00', '05:00:00', 21, 15.0295381, 102.1374893),
(53, 'Pakketto', '186 พิบูลละเอียด ซอย 7 ตำบลในเมือง เมือง นครราชสีมา 30000', 'คาเฟ่อาหารสุขภาพ จัดเต็มโดยไม่ต้องรู้สึกผิดกับตัวเอง บรรยากาศข้างในร้านให้ฟิลอบอุ่น เมนูสลัดของร้านมีให้เลือก 10+เมนู สลัดเห็ดย่าง สลัดควินัวทูน่า สลัดแซวมอนมีทบอล เครื่องดื่มมีให้เลือกหลากหลาย พิกัด : Pakketto ถ.จอมสุรางค์ยาตร์', '10:00:00', '19:00:00', 21, 14.9729666, 102.0921161),
(54, 'Baannaiamphoe&Cafe\' บ้านนายอำเภอ', '2664/9 เส้นถนนเลียบนคร มิตรภาพ18', 'นั่งชิลล์คาเฟ่ลับ ในบ้านไม้กว่า 70 ปี บ้านนายอำเภอคาเฟ่ ถนนเลียบนคร อีกหนึ่งพิกัดคาเฟ่ที่ดีต่อใจมาก ฟีลบ้านสวนอบอุ่น หน้าร้านมีสวนผักสดๆให้ไปถ่ายรูปด้วย ซึ่งทางร้านใช้เป็นวัตถุดิบหลักในร้าน ผักปลูกเอง เป็นผักอินทรีย์ปลอดสารพิษ', '08:00:00', '17:00:00', 21, 14.963528, 102.056337);

-- --------------------------------------------------------

--
-- Table structure for table `location_images`
--

CREATE TABLE `location_images` (
  `img_id` int(5) NOT NULL,
  `location_id` int(4) NOT NULL,
  `img_path` varchar(300) COLLATE utf8mb4_unicode_ci NOT NULL,
  `credit` varchar(50) COLLATE utf8mb4_unicode_ci DEFAULT NULL
) ENGINE=InnoDB DEFAULT CHARSET=utf8mb4 COLLATE=utf8mb4_unicode_ci;

--
-- Dumping data for table `location_images`
--

INSERT INTO `location_images` (`img_id`, `location_id`, `img_path`, `credit`) VALUES
(1, 1, '1/1.jpg', 'thailandtourismdirectory'),
(2, 2, '2/1.jpg', 'thailandtourismdirectory'),
(3, 2, '2/2.jpg', 'thailandtourismdirectory'),
(4, 2, '2/3.jpg', 'thailandtourismdirectory'),
(5, 3, '3/1.jpg', 'thailandtourismdirectory'),
(6, 4, '4/1.jpg', 'amazing ไทยเท่'),
(7, 4, '4/2.jpg', 'amazing ไทยเท่'),
(8, 5, '5/1.jpg', 'chillpainai'),
(9, 5, '5/2.jpg', 'chillpainai'),
(10, 5, '5/3.jpg', 'chillpainai'),
(11, 5, '5/4.jpg', 'chillpainai'),
(12, 5, '5/5.jpg', 'chillpainai'),
(13, 6, '6/1.jpg', 'thailandtourismdirectory'),
(14, 7, '7/1.jpg', 'thailandtourismdirectory'),
(15, 7, '7/2.jpg', 'thailandtourismdirectory'),
(16, 7, '7/3.jpg', 'thailandtourismdirectory'),
(17, 8, '8/1.jpg', 'thailandtourismdirectory'),
(18, 8, '8/2.jpg', 'thailandtourismdirectory'),
(19, 8, '8/3.jpg', 'thailandtourismdirectory'),
(20, 8, '8/4.jpg', 'thailandtourismdirectory'),
(21, 8, '8/5.jpg', 'thailandtourismdirectory'),
(22, 9, '9/1.jpg', 'thailandtourismdirectory'),
(23, 9, '9/2.jpg', 'thailandtourismdirectory'),
(24, 9, '9/3.jpg', 'thailandtourismdirectory'),
(25, 9, '9/4.jpg', 'thailandtourismdirectory'),
(26, 9, '9/5.jpg', 'thailandtourismdirectory'),
(27, 10, '10/1.jpg', 'thailandtourismdirectory'),
(28, 10, '10/2.jpg', 'thailandtourismdirectory'),
(29, 10, '10/3.jpg', 'thailandtourismdirectory'),
(30, 10, '10/4.jpg', 'thailandtourismdirectory'),
(31, 11, '11/1.jpg', 'thailandtourismdirectory'),
(32, 11, '11/2.jpg', 'thailandtourismdirectory'),
(33, 11, '11/3.jpg', 'thailandtourismdirectory'),
(34, 11, '11/4.jpg', 'thailandtourismdirectory'),
(35, 11, '11/5.jpg', 'thailandtourismdirectory'),
(36, 11, '11/6.jpg', 'thailandtourismdirectory'),
(37, 11, '11/7.jpg', 'thailandtourismdirectory'),
(38, 12, '12/1.jpg', 'thailandtourismdirectory'),
(39, 12, '12/2.jpg', 'thailandtourismdirectory'),
(40, 12, '12/3.jpg', 'thailandtourismdirectory'),
(41, 12, '12/4.jpg', 'thailandtourismdirectory'),
(42, 12, '12/5.jpg', 'thailandtourismdirectory'),
(43, 12, '12/6.jpg', 'thailandtourismdirectory'),
(44, 12, '12/7.jpg', 'thailandtourismdirectory'),
(45, 12, '12/8.jpg', 'thailandtourismdirectory'),
(46, 12, '12/9.jpg', 'thailandtourismdirectory'),
(47, 13, '13/1.jpg', 'www2.nakhonratchasima.go.th'),
(48, 13, '13/2.jpg', 'www2.nakhonratchasima.go.th'),
(49, 13, '13/3.jpg', 'www2.nakhonratchasima.go.th'),
(50, 13, '13/4.jpg', 'www2.nakhonratchasima.go.th'),
(51, 13, '13/5.jpg', 'www2.nakhonratchasima.go.th'),
(52, 14, '14/1.jpg', 'thailandtourismdirectory'),
(53, 14, '14/2.jpg', 'thailandtourismdirectory'),
(54, 14, '14/3.jpg', 'thailandtourismdirectory'),
(55, 14, '14/4.jpg', 'thailandtourismdirectory'),
(56, 15, '15/1.jpg', 'thailandtourismdirectory'),
(57, 15, '15/2.jpg', 'thailandtourismdirectory'),
(58, 15, '15/3.jpg', 'thailandtourismdirectory'),
(59, 15, '15/4.jpg', 'thailandtourismdirectory'),
(60, 16, '16/1.jpg', 'thailandtourismdirectory'),
(61, 16, '16/2.jpg', 'thailandtourismdirectory'),
(62, 16, '16/3.jpg', 'thailandtourismdirectory'),
(63, 16, '16/4.jpg', 'thailandtourismdirectory'),
(64, 16, '16/5.jpg', 'thailandtourismdirectory'),
(65, 16, '16/6.jpg', 'thailandtourismdirectory'),
(66, 17, '17/1.jpg', 'thailandtourismdirectory'),
(67, 17, '17/2.jpg', 'thailandtourismdirectory'),
(68, 17, '17/3.jpg', 'thailandtourismdirectory'),
(69, 17, '17/4.jpg', 'thailandtourismdirectory'),
(70, 18, '18/1.jpg', 'thailandtourismdirectory'),
(71, 18, '18/2.jpg', 'thailandtourismdirectory'),
(72, 18, '18/3.jpg', 'thailandtourismdirectory'),
(73, 18, '18/4.jpg', 'thailandtourismdirectory'),
(74, 19, '19/1.jpg', 'thailandtourismdirectory'),
(75, 19, '19/2.jpg', 'thailandtourismdirectory'),
(76, 19, '19/3.jpg', 'thailandtourismdirectory'),
(77, 19, '19/4.jpg', 'thailandtourismdirectory'),
(78, 20, '20/1.jpg', 'thailandtourismdirectory'),
(79, 20, '20/2.jpg', 'thailandtourismdirectory'),
(80, 20, '20/3.jpg', 'thailandtourismdirectory'),
(81, 20, '20/4.jpg', 'thailandtourismdirectory'),
(82, 21, '21/1.jpg', 'thailandtourismdirectory'),
(83, 21, '21/2.jpg', 'thailandtourismdirectory'),
(84, 21, '21/3.jpg', 'thailandtourismdirectory'),
(85, 21, '21/4.jpg', 'thailandtourismdirectory'),
(86, 21, '21/5.jpg', 'thailandtourismdirectory'),
(87, 21, '21/6.jpg', 'thailandtourismdirectory'),
(88, 21, '21/7.jpg', 'thailandtourismdirectory'),
(89, 21, '21/8.jpg', 'thailandtourismdirectory'),
(90, 21, '21/9.jpg', 'thailandtourismdirectory'),
(91, 21, '21/10.jpg', 'thailandtourismdirectory'),
(92, 22, '22/1.jpg', 'thailandtourismdirectory'),
(93, 22, '22/2.jpg', 'thailandtourismdirectory'),
(94, 23, '23/1.jpg', 'thailandtourismdirectory'),
(95, 23, '23/2.jpg', 'thailandtourismdirectory'),
(96, 23, '23/3.jpg', 'thailandtourismdirectory'),
(97, 23, '23/4.jpg', 'thailandtourismdirectory'),
(98, 24, '24/1.jpg', 'thailandtourismdirectory'),
(99, 24, '24/2.jpg', 'thailandtourismdirectory'),
(100, 24, '24/3.jpg', 'thailandtourismdirectory'),
(101, 24, '24/4.jpg', 'thailandtourismdirectory'),
(102, 24, '24/5.jpg', 'thailandtourismdirectory'),
(103, 24, '24/4.jpg', 'thailandtourismdirectory'),
(104, 25, '25/1.jpg', 'thailandtourismdirectory'),
(105, 25, '25/2.jpg', 'thailandtourismdirectory'),
(106, 25, '25/3.jpg', 'thailandtourismdirectory'),
(107, 25, '25/4.jpg', 'thailandtourismdirectory'),
(108, 26, '26/1.jpg', 'thailandtourismdirectory'),
(109, 26, '26/2.jpg', 'thailandtourismdirectory'),
(110, 26, '26/3.jpg', 'thailandtourismdirectory'),
(111, 26, '26/4.jpg', 'thailandtourismdirectory'),
(112, 26, '26/5.jpg', 'thailandtourismdirectory'),
(113, 27, '27/1.jpg', 'thailandtourismdirectory'),
(114, 27, '27/2.jpg', 'thailandtourismdirectory'),
(115, 27, '27/3.jpg', 'thailandtourismdirectory'),
(116, 27, '27/4.jpg', 'thailandtourismdirectory'),
(117, 27, '27/5.jpg', 'thailandtourismdirectory'),
(118, 28, '28/1.jpg', 'thailandtourismdirectory'),
(119, 28, '28/2.jpg', 'thailandtourismdirectory'),
(120, 28, '28/3.jpg', 'thailandtourismdirectory'),
(121, 28, '28/4.jpg', 'thailandtourismdirectory'),
(122, 29, '29/1.jpg', 'thailandtourismdirectory'),
(123, 29, '29/2.jpg', 'thailandtourismdirectory'),
(124, 29, '29/3.jpg', 'thailandtourismdirectory'),
(125, 29, '29/4.jpg', 'thailandtourismdirectory'),
(126, 30, '30/1.jpg', 'thailandtourismdirectory'),
(127, 30, '30/2.jpg', 'thailandtourismdirectory'),
(130, 34, '34/1.jpg', 'Tumkorat Restaurant & Coffee'),
(131, 34, '34/2.jpg', 'Tumkorat Restaurant & Coffee'),
(132, 34, '34/3.jpg', 'Tumkorat Restaurant & Coffee'),
(133, 34, '34/4.jpg', 'Tumkorat Restaurant & Coffee'),
(134, 34, '34/5.jpg', 'Tumkorat Restaurant & Coffee'),
(145, 38, '38/44185.jpg', 'sanook.com'),
(146, 38, '38/44181.jpg', 'sanook.com'),
(147, 38, '38/44186.jpg', 'sanook.com'),
(148, 38, '38/112974.jpg', 'sanook.com'),
(149, 39, '39/3.jpg', 'egat.co.th'),
(150, 39, '39/2.jpg', 'egat.co.th'),
(151, 39, '39/1.jpg', 'egat.co.th'),
(152, 40, '40/c98469e0-f933-11ed-93cf-e5cee5579b2b_webp_original.jpg', 'travel.trueid.net'),
(153, 40, '40/caddb850-f933-11ed-971d-835bb675c72d_webp_original.jpg', 'travel.trueid.net'),
(154, 40, '40/cc946900-f933-11ed-b2fe-b9aa0d934257_webp_original.jpg', 'travel.trueid.net'),
(155, 40, '40/cdfaafc0-f933-11ed-aec3-7567ce72f783_webp_original.jpg', 'travel.trueid.net'),
(156, 40, '40/6fdd5d20-f933-11ed-acd5-c139beede5b7_webp_original.jpg', 'travel.trueid.net'),
(157, 40, '40/6d01db80-f933-11ed-9f39-b3c31906dbc1_webp_original.jpg', 'travel.trueid.net'),
(158, 40, '40/0d14f900-f933-11ed-8658-9f95bbc3983f_webp_original.jpg', 'travel.trueid.net'),
(159, 40, '40/cbe38500-f932-11ed-8d7f-59c48e3c932f_webp_original.jpg', 'travel.trueid.net'),
(160, 40, '40/0ba34090-f933-11ed-9c6b-c56b47d8fc9c_webp_original.jpg', 'travel.trueid.net'),
(161, 40, '40/df5230a0-f932-11ed-86b5-b772571499ff_webp_original.jpg', 'travel.trueid.net'),
(162, 40, '40/P03000348_1.jpeg', 'travel.trueid.net'),
(168, 42, '42/1.jpg', 'inside2home'),
(169, 42, '42/12.jpg', 'inside2home'),
(170, 42, '42/11.jpg', 'inside2home'),
(171, 42, '42/10.jpg', 'inside2home'),
(172, 42, '42/9.jpg', 'inside2home'),
(173, 42, '42/8.jpg', 'inside2home'),
(174, 42, '42/7.jpg', 'inside2home'),
(175, 42, '42/6.jpg', 'inside2home'),
(176, 42, '42/5.jpg', 'inside2home'),
(177, 42, '42/4.jpg', 'inside2home'),
(178, 42, '42/3.jpg', 'inside2home'),
(179, 42, '42/2.jpg', 'inside2home'),
(180, 42, '42/13.jpg', 'inside2home'),
(181, 43, '43/1.jpg', 'themomentum'),
(182, 43, '43/7.jpg', 'themomentum'),
(183, 43, '43/6.jpg', 'themomentum'),
(184, 43, '43/5.jpg', 'themomentum'),
(185, 43, '43/4.jpg', 'themomentum'),
(186, 43, '43/3.jpg', 'themomentum'),
(187, 43, '43/2.jpg', 'themomentum'),
(188, 43, '43/8.jpg', 'themomentum'),
(189, 44, '44/1.jpg', 'tripgether'),
(190, 44, '44/3.jpg', 'tripgether'),
(191, 44, '44/2.jpg', 'tripgether'),
(192, 44, '44/4.jpg', 'tripgether'),
(193, 45, '45/5.jpg', 'roijang'),
(194, 45, '45/4.jpg', 'roijang'),
(195, 45, '45/3.jpg', 'roijang'),
(196, 45, '45/2.jpg', 'roijang'),
(197, 45, '45/1706866628_1.jpg', 'roijang'),
(200, 46, '46/1.jpg', 'sanook.com'),
(201, 46, '46/2.jpg', 'sanook.com'),
(202, 46, '46/3.jpg', 'sanook.com'),
(203, 46, '46/4.jpg', 'sanook.com'),
(204, 46, '46/5.jpg', 'sanook.com'),
(205, 46, '46/6.jpg', 'sanook.com'),
(206, 46, '46/7.jpg', 'sanook.com'),
(207, 46, '46/8.jpg', 'sanook.com'),
(208, 46, '46/9.jpg', 'sanook.com'),
(209, 47, '47/1707793878_1.jpg', 'ป๋าโก้ หมูกระทะ&ซีฟู้ด บุฟเฟ่ต์ หัวทะเลโคราช'),
(210, 47, '47/12.jpg', 'ป๋าโก้ หมูกระทะ&ซีฟู้ด บุฟเฟ่ต์ หัวทะเลโคราช'),
(211, 47, '47/11.jpg', 'ป๋าโก้ หมูกระทะ&ซีฟู้ด บุฟเฟ่ต์ หัวทะเลโคราช'),
(212, 47, '47/10.jpg', 'ป๋าโก้ หมูกระทะ&ซีฟู้ด บุฟเฟ่ต์ หัวทะเลโคราช'),
(213, 47, '47/9.jpg', 'ป๋าโก้ หมูกระทะ&ซีฟู้ด บุฟเฟ่ต์ หัวทะเลโคราช'),
(214, 47, '47/8.jpg', 'ป๋าโก้ หมูกระทะ&ซีฟู้ด บุฟเฟ่ต์ หัวทะเลโคราช'),
(215, 47, '47/7.jpg', 'ป๋าโก้ หมูกระทะ&ซีฟู้ด บุฟเฟ่ต์ หัวทะเลโคราช'),
(216, 47, '47/6.jpg', 'ป๋าโก้ หมูกระทะ&ซีฟู้ด บุฟเฟ่ต์ หัวทะเลโคราช'),
(217, 47, '47/5.jpg', 'ป๋าโก้ หมูกระทะ&ซีฟู้ด บุฟเฟ่ต์ หัวทะเลโคราช'),
(218, 47, '47/4.jpg', 'ป๋าโก้ หมูกระทะ&ซีฟู้ด บุฟเฟ่ต์ หัวทะเลโคราช'),
(219, 47, '47/3.jpg', 'ป๋าโก้ หมูกระทะ&ซีฟู้ด บุฟเฟ่ต์ หัวทะเลโคราช'),
(220, 47, '47/2.jpg', 'ป๋าโก้ หมูกระทะ&ซีฟู้ด บุฟเฟ่ต์ หัวทะเลโคราช'),
(221, 47, '47/1707793893_13.jpg', 'ป๋าโก้ หมูกระทะ&ซีฟู้ด บุฟเฟ่ต์ หัวทะเลโคราช'),
(222, 48, '48/1707794499_1.jpg', 'ติดมันส์ บุฟเฟ่ต์ปิ้งย่างกระทะร้อน สาขาโคราช'),
(223, 48, '48/9.jpg', 'ติดมันส์ บุฟเฟ่ต์ปิ้งย่างกระทะร้อน สาขาโคราช'),
(224, 48, '48/8.jpg', 'ติดมันส์ บุฟเฟ่ต์ปิ้งย่างกระทะร้อน สาขาโคราช'),
(225, 48, '48/7.jpg', 'ติดมันส์ บุฟเฟ่ต์ปิ้งย่างกระทะร้อน สาขาโคราช'),
(226, 48, '48/6.jpg', 'ติดมันส์ บุฟเฟ่ต์ปิ้งย่างกระทะร้อน สาขาโคราช'),
(227, 48, '48/5.jpg', 'ติดมันส์ บุฟเฟ่ต์ปิ้งย่างกระทะร้อน สาขาโคราช'),
(228, 48, '48/4.jpg', 'ติดมันส์ บุฟเฟ่ต์ปิ้งย่างกระทะร้อน สาขาโคราช'),
(229, 48, '48/3.jpg', 'ติดมันส์ บุฟเฟ่ต์ปิ้งย่างกระทะร้อน สาขาโคราช'),
(230, 48, '48/2.jpg', 'ติดมันส์ บุฟเฟ่ต์ปิ้งย่างกระทะร้อน สาขาโคราช'),
(231, 48, '48/1707794511_10.jpg', 'ติดมันส์ บุฟเฟ่ต์ปิ้งย่างกระทะร้อน สาขาโคราช'),
(232, 49, '49/1707794894_1.jpg', 'wongnai'),
(233, 49, '49/4.jpg', 'wongnai'),
(234, 49, '49/3.jpg', 'wongnai'),
(235, 49, '49/2.jpg', 'wongnai'),
(236, 49, '49/1707794905_5.jpg', 'wongnai'),
(237, 50, '50/1707795398_1.jpg', 'ryoiireview'),
(238, 50, '50/4.jpg', 'ryoiireview'),
(239, 50, '50/2.jpg', 'ryoiireview'),
(240, 50, '50/1707795414_3.jpg', 'ryoiireview'),
(241, 51, '51/1707796163_1.jpg', 'ฟรุ้งฟริ้งหมูกระทะ สาขา 30 กันยา'),
(242, 51, '51/8.jpg', 'ฟรุ้งฟริ้งหมูกระทะ สาขา 30 กันยา'),
(243, 51, '51/7.jpg', 'ฟรุ้งฟริ้งหมูกระทะ สาขา 30 กันยา'),
(244, 51, '51/6.jpg', 'ฟรุ้งฟริ้งหมูกระทะ สาขา 30 กันยา'),
(245, 51, '51/5.jpg', 'ฟรุ้งฟริ้งหมูกระทะ สาขา 30 กันยา'),
(246, 51, '51/4.jpg', 'ฟรุ้งฟริ้งหมูกระทะ สาขา 30 กันยา'),
(247, 51, '51/3.jpg', 'ฟรุ้งฟริ้งหมูกระทะ สาขา 30 กันยา'),
(248, 51, '51/2.jpg', 'ฟรุ้งฟริ้งหมูกระทะ สาขา 30 กันยา'),
(249, 51, '51/1707796171_9.jpg', 'ฟรุ้งฟริ้งหมูกระทะ สาขา 30 กันยา'),
(250, 52, '52/1707796689_1.jpg', 'สุกี้ตี๋น้อย'),
(251, 52, '52/6.jpg', 'สุกี้ตี๋น้อย'),
(252, 52, '52/5.jpg', 'สุกี้ตี๋น้อย'),
(253, 52, '52/4.jpg', 'สุกี้ตี๋น้อย'),
(254, 52, '52/3.jpg', 'สุกี้ตี๋น้อย'),
(255, 52, '52/2.jpg', 'สุกี้ตี๋น้อย'),
(256, 52, '52/1707796701_7.jpg', 'สุกี้ตี๋น้อย'),
(257, 53, '53/1707797462_1.jpg', 'Korat Lifestyle'),
(258, 53, '53/7.jpg', 'Korat Lifestyle'),
(259, 53, '53/6.jpg', 'Korat Lifestyle'),
(260, 53, '53/5.jpg', 'Korat Lifestyle'),
(261, 53, '53/4.jpg', 'Korat Lifestyle'),
(262, 53, '53/3.jpg', 'Korat Lifestyle'),
(263, 53, '53/1707797531_8.jpg', 'Korat Lifestyle'),
(264, 53, '53/1707797552_2.jpg', 'Korat Lifestyle'),
(265, 54, '54/1707798091_1.jpg', 'Korat Lifestyle'),
(266, 54, '54/12.jpg', 'Korat Lifestyle'),
(267, 54, '54/11.jpg', 'Korat Lifestyle'),
(268, 54, '54/10.jpg', 'Korat Lifestyle'),
(269, 54, '54/9.jpg', 'Korat Lifestyle'),
(270, 54, '54/8.jpg', 'Korat Lifestyle'),
(271, 54, '54/7.jpg', 'Korat Lifestyle'),
(272, 54, '54/6.jpg', 'Korat Lifestyle'),
(273, 54, '54/5.jpg', 'Korat Lifestyle'),
(274, 54, '54/4.jpg', 'Korat Lifestyle'),
(275, 54, '54/3.jpg', 'Korat Lifestyle'),
(276, 54, '54/2.jpg', 'Korat Lifestyle'),
(277, 54, '54/1707798115_13.jpg', 'Korat Lifestyle');

-- --------------------------------------------------------

--
-- Table structure for table `location_types`
--

CREATE TABLE `location_types` (
  `type_id` int(4) NOT NULL,
  `location_id` int(4) NOT NULL,
  `preference_id` int(4) NOT NULL
) ENGINE=InnoDB DEFAULT CHARSET=utf8mb4;

--
-- Dumping data for table `location_types`
--

INSERT INTO `location_types` (`type_id`, `location_id`, `preference_id`) VALUES
(1, 1, 6),
(2, 1, 7),
(3, 2, 8),
(4, 2, 2),
(5, 2, 3),
(6, 3, 8),
(11, 4, 7),
(12, 5, 15),
(13, 5, 7),
(14, 6, 2),
(15, 7, 16),
(17, 8, 16),
(19, 8, 2),
(22, 9, 16),
(23, 10, 16),
(24, 11, 6),
(25, 11, 7),
(26, 12, 2),
(27, 12, 3),
(28, 12, 8),
(29, 13, 16),
(30, 13, 3),
(31, 14, 18),
(32, 15, 17),
(33, 16, 19),
(34, 16, 17),
(35, 17, 7),
(36, 17, 6),
(37, 18, 18),
(38, 18, 7),
(39, 19, 20),
(40, 19, 5),
(41, 20, 1),
(42, 21, 8),
(43, 21, 19),
(44, 21, 18),
(45, 22, 16),
(46, 22, 3),
(47, 22, 2),
(48, 23, 2),
(49, 24, 2),
(50, 24, 8),
(51, 25, 18),
(52, 26, 2),
(53, 26, 16),
(54, 27, 18),
(55, 27, 19),
(56, 28, 16),
(57, 28, 3),
(58, 29, 18),
(59, 29, 1),
(60, 19, 4),
(61, 30, 6),
(62, 30, 18),
(70, 34, 10),
(71, 34, 12),
(80, 38, 17),
(81, 38, 18),
(82, 39, 8),
(83, 39, 18),
(84, 40, 2),
(85, 40, 8),
(86, 40, 18),
(89, 42, 14),
(90, 43, 21),
(91, 44, 10),
(92, 44, 11),
(93, 44, 14),
(94, 44, 21),
(95, 45, 3),
(96, 45, 16),
(99, 46, 1),
(100, 46, 3),
(101, 46, 4),
(102, 46, 6),
(103, 46, 7),
(104, 46, 8),
(105, 46, 10),
(106, 46, 17),
(107, 46, 18),
(108, 46, 19),
(109, 46, 20),
(110, 7, 3),
(111, 47, 11),
(112, 47, 12),
(113, 47, 21),
(114, 48, 11),
(115, 48, 12),
(116, 48, 13),
(117, 48, 21),
(118, 49, 11),
(119, 49, 12),
(120, 49, 21),
(121, 50, 12),
(122, 51, 12),
(123, 52, 11),
(124, 52, 13),
(125, 53, 14),
(126, 54, 10),
(127, 54, 14);

-- --------------------------------------------------------

--
-- Table structure for table `members`
--

CREATE TABLE `members` (
  `member_id` int(4) NOT NULL,
  `email` varchar(50) COLLATE utf8mb4_unicode_ci NOT NULL,
  `username` varchar(50) COLLATE utf8mb4_unicode_ci DEFAULT NULL,
  `password` varchar(100) COLLATE utf8mb4_unicode_ci NOT NULL,
  `status` enum('user','admin') COLLATE utf8mb4_unicode_ci NOT NULL,
  `member_img` varchar(100) COLLATE utf8mb4_unicode_ci DEFAULT NULL,
  `created_at` timestamp NULL DEFAULT NULL,
  `updated_at` timestamp NULL DEFAULT NULL
) ENGINE=InnoDB DEFAULT CHARSET=utf8mb4 COLLATE=utf8mb4_unicode_ci;

--
-- Dumping data for table `members`
--

INSERT INTO `members` (`member_id`, `email`, `username`, `password`, `status`, `member_img`, `created_at`, `updated_at`) VALUES
(1, 'admin@example.com', 'admin', '$2y$10$LChYvnd6ZAM7Dw6NNiqZdejfYm.1RxsKxGz4bAkd0Jka0Q4ZmEv1u', 'admin', NULL, '2023-12-02 20:52:35', '2023-12-02 20:52:35'),
(2, 'themasz@example.com', 'themasz', '$2y$10$JwtO8QiNQNwx3yuObuW9me3h/iAMRdTbdEUH9e79dZq65/LBDk7LS', 'user', '2.jpg?t=1709117341', '2023-12-02 20:59:59', '2024-02-28 22:49:01'),
(3, 'johnmiller1@example.com', 'johnmiller', '$2y$10$K00uqz0VXYTKUvTMAp5gwe2sGpLS/h6WPFf.K6DSWPx3kAdhtHmMm', 'user', NULL, '2023-12-02 21:03:11', '2024-01-25 14:23:27'),
(4, 'danielwilson@example.com', 'danielwilson', '$2y$10$B0/Iny49em1KZdCsKmzr1eQVfCASke/0oowk26504pnwntU2ntnIW', 'user', NULL, '2023-12-02 21:13:17', '2023-12-02 21:13:17'),
(5, 'emilyroberts@example.com', 'emilyroberts', '$2y$10$f94Bxy61a21x5vaC46Juv.XhiiRRD.tWElpsDemIUN1DUZknBBasW', 'user', NULL, '2023-12-02 21:15:00', '2023-12-02 21:15:00'),
(6, 'liamjackson@example.com', 'liamjackson', '$2y$10$rWxS9q5P4froUFQlRZOmbu00YVovE377JYbnWUjYuLAW/Vdmq.I/.', 'user', NULL, '2023-12-02 21:16:15', '2023-12-02 21:16:15'),
(7, 'olivialopez@example.com', 'olivialopez', '$2y$10$FGcyn21ZzFY5qQuC3Wf6lu5WNbokR4tnkMG3NgXrNEXeZ9JHv.Gi6', 'user', NULL, '2023-12-02 21:18:04', '2023-12-02 21:18:04'),
(8, 'lucygreen@example.com', 'lucygreen', '$2y$10$JWEOsa.U0uIqHiHdhC83v.I6zgVmMbPoZ5O6JXXKN.Eqiin6JEtT.', 'user', NULL, '2023-12-02 21:21:15', '2023-12-02 21:21:15'),
(9, 'maxturner@example.com', 'maxturner', '$2y$10$VNY.DW7nq3/I7mqju3CmXeqoUoc3K6.d2POkHeZ3bOXDsZ1W8ARSa', 'user', NULL, '2023-12-02 21:22:32', '2023-12-02 21:22:32'),
(10, 'chloewright@example.com', 'chloewright', '$2y$10$eNiB9L.3EE6dMwbzK4rfI.H2nj1Ou1kQyZBtNipXmKFzN4btZBqKm', 'user', NULL, '2023-12-02 21:27:38', '2023-12-02 21:27:38'),
(11, 'ethanjones@example.com', 'ethanjones', '$2y$10$ukP1tYWR3SYiogmnbuWau.Aw7fSVNY1O9ySgXbaXRtMazYW4aYfK2', 'user', NULL, '2023-12-02 21:30:04', '2023-12-02 21:30:04'),
(12, 'miaedwards@example.com', 'miaedwards', '$2y$10$ALLqrMXTUotkqCo0w7Wu8OT2mZzos91BAJcZuEkXqNbHCLTxKYUse', 'user', NULL, '2023-12-02 21:31:17', '2023-12-02 21:31:17'),
(13, 'test@example.com', 'test', '$2y$10$wB5za0QL9RaEDvo7Y2vv6O.riGSxf6QMZLBGaSMXP71dagwbpjA3S', 'user', NULL, '2024-01-15 15:53:12', '2024-01-15 15:53:12'),
(14, 'thamjaturas.rc@gmail.com', 'thamjaturas.rc', '$2y$10$3WC4/bsMOTBt3Ql99SuMseEvenymT2Kv/DK2mYPAApFDhzX0rrrKS', 'user', NULL, '2024-01-24 20:44:43', '2024-01-24 20:44:43'),
(15, 'sekksan@test.com', 'sekksan', '$2y$10$xxg0Rkdl6iRqB4lsdUiMPuLESqKZcO5WWL91iyCdGI2DObJdl0F2O', 'user', NULL, '2024-02-06 15:06:42', '2024-02-06 15:06:42'),
(16, 'kaka@example.com', 'kaka', '$2y$10$I/cQpX1FByN6GnD.IsVRN.vmn/ybmP.GkrxINgr3XlxkBCIXEVeZa', 'user', NULL, '2024-02-21 15:27:38', '2024-02-21 15:27:38'),
(17, 'iu@example.com', 'iu', '$2y$10$VYxDNz4dhA4RnCH7bM74cOlWJmmQ8d/EQrezhC5s3S3ruucSEq.L2', 'user', NULL, '2024-02-21 15:41:51', '2024-02-21 15:41:51'),
(18, 'test20@example.com', 'test20', '$2y$10$PmWGzHcpCfK.wbcYyk9uB.dm8wHMk/adn8P9nu.YOpCa6ZxGsbFda', 'user', '18.png?t=1708657526', '2024-02-23 15:01:36', '2024-02-23 15:05:26'),
(19, 'madam@example.com', 'madam', '$2y$10$9OoqXgDnnj24pHtBbRAIc.a7eMZ0jXycydH6wGMwjkcMwv1wyRl/u', 'user', NULL, '2024-02-28 21:50:04', '2024-02-28 21:50:04');

-- --------------------------------------------------------

--
-- Table structure for table `personal_preference`
--

CREATE TABLE `personal_preference` (
  `personal_id` int(4) NOT NULL,
  `member_id` int(4) NOT NULL,
  `preference_id` int(4) NOT NULL,
  `score` int(4) NOT NULL
) ENGINE=InnoDB DEFAULT CHARSET=utf8mb4 COLLATE=utf8mb4_unicode_ci;

--
-- Dumping data for table `personal_preference`
--

INSERT INTO `personal_preference` (`personal_id`, `member_id`, `preference_id`, `score`) VALUES
(1, 2, 1, 3),
(2, 2, 2, 5),
(3, 2, 3, 1),
(4, 2, 4, 3),
(5, 2, 5, 4),
(6, 2, 6, 2),
(7, 2, 7, 1),
(8, 2, 8, 3),
(9, 2, 10, 3),
(10, 2, 11, 3),
(11, 2, 12, 3),
(12, 2, 13, 3),
(13, 2, 14, 3),
(14, 2, 15, 3),
(15, 2, 16, 2),
(16, 2, 17, 4),
(17, 2, 18, 3),
(18, 2, 19, 3),
(19, 2, 20, 3),
(20, 3, 1, 4),
(21, 3, 2, 2),
(22, 3, 3, 2),
(23, 3, 4, 3),
(24, 3, 5, 3),
(25, 3, 6, 2),
(26, 3, 7, 2),
(27, 3, 8, 4),
(28, 3, 10, 5),
(29, 3, 11, 5),
(30, 3, 12, 5),
(31, 3, 13, 5),
(32, 3, 14, 3),
(33, 3, 15, 4),
(34, 3, 16, 2),
(35, 3, 17, 3),
(36, 3, 18, 3),
(37, 3, 19, 3),
(38, 3, 20, 3),
(39, 4, 1, 5),
(40, 4, 2, 5),
(41, 4, 3, 5),
(42, 4, 4, 5),
(43, 4, 5, 5),
(44, 4, 6, 5),
(45, 4, 7, 5),
(46, 4, 8, 5),
(47, 4, 10, 5),
(48, 4, 11, 5),
(49, 4, 12, 5),
(50, 4, 13, 5),
(51, 4, 14, 5),
(52, 4, 15, 5),
(53, 4, 16, 5),
(54, 4, 17, 5),
(55, 4, 18, 5),
(56, 4, 19, 5),
(57, 4, 20, 3),
(58, 5, 1, 1),
(59, 5, 2, 1),
(60, 5, 3, 1),
(61, 5, 4, 1),
(62, 5, 5, 5),
(63, 5, 6, 2),
(64, 5, 7, 3),
(65, 5, 8, 3),
(66, 5, 10, 4),
(67, 5, 11, 2),
(68, 5, 12, 4),
(69, 5, 13, 4),
(70, 5, 14, 1),
(71, 5, 15, 4),
(72, 5, 16, 1),
(73, 5, 17, 1),
(74, 5, 18, 1),
(75, 5, 19, 3),
(76, 5, 20, 4),
(77, 6, 1, 5),
(78, 6, 2, 5),
(79, 6, 3, 5),
(80, 6, 4, 3),
(81, 6, 5, 3),
(82, 6, 6, 5),
(83, 6, 7, 5),
(84, 6, 8, 5),
(85, 6, 10, 5),
(86, 6, 11, 5),
(87, 6, 12, 5),
(88, 6, 13, 5),
(89, 6, 14, 5),
(90, 6, 15, 5),
(91, 6, 16, 5),
(92, 6, 17, 3),
(93, 6, 18, 5),
(94, 6, 19, 5),
(95, 6, 20, 3),
(96, 7, 1, 5),
(97, 7, 2, 3),
(98, 7, 3, 3),
(99, 7, 4, 4),
(100, 7, 5, 4),
(101, 7, 6, 3),
(102, 7, 7, 3),
(103, 7, 8, 4),
(104, 7, 10, 5),
(105, 7, 11, 5),
(106, 7, 12, 5),
(107, 7, 13, 5),
(108, 7, 14, 5),
(109, 7, 15, 4),
(110, 7, 16, 3),
(111, 7, 17, 4),
(112, 7, 18, 4),
(113, 7, 19, 5),
(114, 7, 20, 5),
(115, 8, 1, 5),
(116, 8, 2, 1),
(117, 8, 3, 5),
(118, 8, 4, 4),
(119, 8, 5, 5),
(120, 8, 6, 5),
(121, 8, 7, 5),
(122, 8, 8, 5),
(123, 8, 10, 5),
(124, 8, 11, 5),
(125, 8, 12, 5),
(126, 8, 13, 5),
(127, 8, 14, 3),
(128, 8, 15, 5),
(129, 8, 16, 3),
(130, 8, 17, 5),
(131, 8, 18, 5),
(132, 8, 19, 5),
(133, 8, 20, 5),
(134, 9, 1, 5),
(135, 9, 2, 3),
(136, 9, 3, 3),
(137, 9, 4, 4),
(138, 9, 5, 4),
(139, 9, 6, 3),
(140, 9, 7, 3),
(141, 9, 8, 4),
(142, 9, 10, 5),
(143, 9, 11, 5),
(144, 9, 12, 5),
(145, 9, 13, 5),
(146, 9, 14, 4),
(147, 9, 15, 5),
(148, 9, 16, 3),
(149, 9, 17, 4),
(150, 9, 18, 3),
(151, 9, 19, 3),
(152, 9, 20, 2),
(153, 10, 1, 5),
(154, 10, 2, 4),
(155, 10, 3, 3),
(156, 10, 4, 4),
(157, 10, 5, 5),
(158, 10, 6, 3),
(159, 10, 7, 3),
(160, 10, 8, 3),
(161, 10, 10, 5),
(162, 10, 11, 5),
(163, 10, 12, 5),
(164, 10, 13, 5),
(165, 10, 14, 4),
(166, 10, 15, 5),
(167, 10, 16, 3),
(168, 10, 17, 4),
(169, 10, 18, 4),
(170, 10, 19, 4),
(171, 10, 20, 4),
(172, 11, 1, 4),
(173, 11, 2, 3),
(174, 11, 3, 3),
(175, 11, 4, 3),
(176, 11, 5, 5),
(177, 11, 6, 3),
(178, 11, 7, 3),
(179, 11, 8, 5),
(180, 11, 10, 5),
(181, 11, 11, 5),
(182, 11, 12, 5),
(183, 11, 13, 5),
(184, 11, 14, 5),
(185, 11, 15, 5),
(186, 11, 16, 3),
(187, 11, 17, 3),
(188, 11, 18, 3),
(189, 11, 19, 4),
(190, 11, 20, 5),
(191, 12, 1, 5),
(192, 12, 2, 2),
(193, 12, 3, 3),
(194, 12, 4, 4),
(195, 12, 5, 3),
(196, 12, 6, 3),
(197, 12, 7, 3),
(198, 12, 8, 2),
(199, 12, 10, 4),
(200, 12, 11, 5),
(201, 12, 12, 5),
(202, 12, 13, 5),
(203, 12, 14, 3),
(204, 12, 15, 5),
(205, 12, 16, 3),
(206, 12, 17, 3),
(207, 12, 18, 3),
(208, 12, 19, 3),
(209, 12, 20, 5),
(250, 14, 1, 4),
(251, 14, 2, 2),
(252, 14, 3, 2),
(253, 14, 4, 3),
(254, 14, 5, 4),
(255, 14, 6, 3),
(256, 14, 7, 3),
(257, 14, 8, 4),
(258, 14, 10, 4),
(259, 14, 11, 4),
(260, 14, 12, 4),
(261, 14, 13, 4),
(262, 14, 14, 4),
(263, 14, 15, 4),
(264, 14, 16, 2),
(265, 14, 17, 2),
(266, 14, 18, 3),
(267, 14, 19, 3),
(268, 14, 20, 3),
(269, 14, 21, 3),
(270, 1, 1, 3),
(271, 1, 2, 3),
(272, 1, 3, 3),
(273, 1, 4, 3),
(274, 1, 5, 3),
(275, 1, 6, 3),
(276, 1, 7, 3),
(277, 1, 8, 3),
(278, 1, 10, 3),
(279, 1, 11, 3),
(280, 1, 12, 3),
(281, 1, 13, 3),
(282, 1, 14, 3),
(283, 1, 15, 3),
(284, 1, 16, 3),
(285, 1, 17, 3),
(286, 1, 18, 3),
(287, 1, 19, 3),
(288, 1, 20, 3),
(289, 1, 21, 3),
(291, 13, 1, 3),
(292, 13, 2, 3),
(293, 13, 3, 3),
(294, 13, 4, 3),
(295, 13, 5, 3),
(296, 13, 6, 3),
(297, 13, 7, 3),
(298, 13, 8, 3),
(299, 13, 10, 3),
(300, 13, 11, 3),
(301, 13, 12, 3),
(302, 13, 13, 3),
(303, 13, 14, 3),
(304, 13, 15, 3),
(305, 13, 16, 3),
(306, 13, 17, 3),
(307, 13, 18, 3),
(308, 13, 19, 3),
(309, 13, 20, 3),
(310, 13, 21, 3),
(312, 16, 1, 5),
(313, 16, 2, 4),
(314, 16, 3, 4),
(315, 16, 4, 3),
(316, 16, 5, 4),
(317, 16, 6, 4),
(318, 16, 7, 3),
(319, 16, 8, 3),
(320, 16, 10, 3),
(321, 16, 11, 3),
(322, 16, 12, 3),
(323, 16, 13, 3),
(324, 16, 14, 3),
(325, 16, 15, 3),
(326, 16, 16, 3),
(327, 16, 17, 3),
(328, 16, 18, 3),
(329, 16, 19, 3),
(330, 16, 20, 3),
(331, 16, 21, 3),
(332, 17, 1, 5),
(333, 17, 2, 4),
(334, 17, 3, 5),
(335, 17, 4, 4),
(336, 17, 5, 4),
(337, 17, 6, 3),
(338, 17, 7, 3),
(339, 17, 8, 3),
(340, 17, 10, 3),
(341, 17, 11, 3),
(342, 17, 12, 3),
(343, 17, 13, 3),
(344, 17, 14, 3),
(345, 17, 15, 3),
(346, 17, 16, 3),
(347, 17, 17, 3),
(348, 17, 18, 3),
(349, 17, 19, 3),
(350, 17, 20, 3),
(351, 17, 21, 3),
(352, 18, 1, 5),
(353, 18, 2, 1),
(354, 18, 3, 5),
(355, 18, 4, 5),
(356, 18, 5, 5),
(357, 18, 6, 4),
(358, 18, 7, 1),
(359, 18, 8, 3),
(360, 18, 10, 3),
(361, 18, 11, 3),
(362, 18, 12, 3),
(363, 18, 13, 3),
(364, 18, 14, 3),
(365, 18, 15, 3),
(366, 18, 16, 3),
(367, 18, 17, 3),
(368, 18, 18, 3),
(369, 18, 19, 3),
(370, 18, 20, 3),
(371, 18, 21, 3),
(372, 19, 1, 5),
(373, 19, 2, 5),
(374, 19, 3, 5),
(375, 19, 4, 4),
(376, 19, 5, 4),
(377, 19, 7, 5),
(378, 19, 10, 3),
(379, 19, 11, 3),
(380, 19, 12, 3),
(381, 19, 13, 3),
(382, 19, 14, 5),
(383, 19, 15, 5),
(384, 19, 16, 2),
(385, 19, 17, 3),
(386, 19, 18, 2),
(387, 19, 19, 2),
(388, 19, 20, 3),
(389, 19, 21, 5),
(390, 19, 6, 3),
(391, 19, 8, 3);

-- --------------------------------------------------------

--
-- Table structure for table `plans_trip`
--

CREATE TABLE `plans_trip` (
  `plan_id` int(4) NOT NULL,
  `location_id` int(4) NOT NULL,
  `member_id` int(4) NOT NULL,
  `plan_name` varchar(50) COLLATE utf8mb4_unicode_ci NOT NULL,
  `created_at` timestamp NULL DEFAULT NULL,
  `updated_at` timestamp NULL DEFAULT NULL
) ENGINE=InnoDB DEFAULT CHARSET=utf8mb4 COLLATE=utf8mb4_unicode_ci;

--
-- Dumping data for table `plans_trip`
--

INSERT INTO `plans_trip` (`plan_id`, `location_id`, `member_id`, `plan_name`, `created_at`, `updated_at`) VALUES
(4, 19, 2, 'ทริปแสนสุข', '2024-01-08 13:57:50', '2024-01-08 13:57:50'),
(5, 29, 2, 'ทริปแสนสุข', '2024-01-08 13:57:51', '2024-01-08 13:57:51'),
(6, 21, 2, 'ทริปแสนสุข', '2024-01-08 13:57:51', '2024-01-08 13:57:51'),
(7, 20, 2, 'ชิวๆ ชิคๆ', '2024-01-08 13:59:06', '2024-01-08 13:59:06'),
(8, 25, 2, 'ชิวๆ ชิคๆ', '2024-01-08 13:59:06', '2024-01-08 13:59:06'),
(9, 18, 2, 'ชิวๆ ชิคๆ', '2024-01-08 13:59:06', '2024-01-08 13:59:06'),
(10, 2, 2, 'ชิวๆ ชิคๆ', '2024-01-08 13:59:06', '2024-01-08 13:59:06'),
(11, 12, 2, 'ชิวๆ ชิคๆ', '2024-01-08 13:59:06', '2024-01-08 13:59:06'),
(12, 29, 7, 'สบายใจทริป', '2024-01-08 14:34:35', '2024-01-08 14:34:35'),
(13, 22, 7, 'สบายใจทริป', '2024-01-08 14:34:35', '2024-01-08 14:34:35'),
(14, 19, 2, 'เขาใหญ่ชิวๆ', '2024-01-24 21:16:10', '2024-01-24 21:16:10'),
(15, 44, 14, 'ทริปกับเพื่อนๆ', '2024-01-24 21:43:45', '2024-01-24 21:43:45'),
(16, 19, 14, 'ทริปกับเพื่อนๆ', '2024-01-24 21:43:45', '2024-01-24 21:43:45'),
(20, 34, 5, 'กินอาหารแล้วเดินเล่น ชิวๆ', '2024-02-21 00:00:46', '2024-02-21 00:00:46'),
(21, 12, 5, 'กินอาหารแล้วเดินเล่น ชิวๆ', '2024-02-21 00:00:46', '2024-02-21 00:00:46'),
(22, 40, 5, 'กินอาหารแล้วเดินเล่น ชิวๆ', '2024-02-21 00:00:46', '2024-02-21 00:00:46'),
(23, 2, 17, 'Plan1', '2024-02-21 15:45:00', '2024-02-21 15:45:00'),
(24, 46, 17, 'Plan1', '2024-02-21 15:45:00', '2024-02-21 15:45:00'),
(25, 12, 17, 'Plan1', '2024-02-21 15:45:00', '2024-02-21 15:45:00'),
(26, 7, 17, 'Plan1', '2024-02-21 15:45:00', '2024-02-21 15:45:00'),
(27, 46, 18, 'ชิวๆ เขาใหญ่', '2024-02-23 15:04:50', '2024-02-23 15:04:50'),
(28, 44, 18, 'ชิวๆ เขาใหญ่', '2024-02-23 15:04:50', '2024-02-23 15:04:50'),
(29, 19, 18, 'ชิวๆ เขาใหญ่', '2024-02-23 15:04:50', '2024-02-23 15:04:50'),
(30, 21, 18, 'Korat Plan 1', '2024-02-23 15:08:45', '2024-02-23 15:08:45'),
(31, 19, 18, 'Korat Plan 1', '2024-02-23 15:08:45', '2024-02-23 15:08:45'),
(32, 13, 19, 'ธรรมะ ธรรมโม แพลน', '2024-02-28 22:40:11', '2024-02-28 22:40:11'),
(33, 7, 19, 'ธรรมะ ธรรมโม แพลน', '2024-02-28 22:40:11', '2024-02-28 22:40:11'),
(34, 2, 19, 'ธรรมะ ธรรมโม แพลน', '2024-02-28 22:40:11', '2024-02-28 22:40:11'),
(35, 12, 19, 'ธรรมะ ธรรมโม แพลน', '2024-02-28 22:40:11', '2024-02-28 22:40:11');

-- --------------------------------------------------------

--
-- Table structure for table `preferences`
--

CREATE TABLE `preferences` (
  `preference_id` int(4) NOT NULL,
  `preference_name` varchar(50) COLLATE utf8mb4_unicode_ci NOT NULL
) ENGINE=InnoDB DEFAULT CHARSET=utf8mb4 COLLATE=utf8mb4_unicode_ci;

--
-- Dumping data for table `preferences`
--

INSERT INTO `preferences` (`preference_id`, `preference_name`) VALUES
(1, 'ท่องเที่ยวธรรมชาติ'),
(2, 'ท่องเที่ยวประวัติศาสตร์'),
(3, 'ท่องเที่ยวทางวัฒนธรรม'),
(4, 'ท่องเที่ยวเพื่อนันทนาการ'),
(5, 'ท่องเที่ยวผจญภัย'),
(6, 'ท่องเที่ยวชุมชน'),
(7, 'ท่องเที่ยววิถีเกษตร'),
(8, 'ท่องเที่ยวพิพิธภัณฑ์'),
(10, 'อาหารอีสาน'),
(11, 'อาหารทะเล'),
(12, 'ปิ้งย่าง'),
(13, 'สุกี้ ชาบู'),
(14, 'คาเฟ่'),
(15, 'ที่กินที่เที่ยวที่พักจบในที่เดียว'),
(16, 'ท่องเที่ยวเชิงศาสนา'),
(17, 'ท่องเที่ยวเชิงอนุรักษ์'),
(18, 'ท่องเที่ยวแหล่งเรียนรู้'),
(19, 'ท่องเที่ยวนิทรรศการ'),
(20, 'ท่องเที่ยวแบบหมู่คณะ'),
(21, 'ร้านอาหาร ดนตรีสด');

-- --------------------------------------------------------

--
-- Table structure for table `provinces`
--

CREATE TABLE `provinces` (
  `province_id` int(4) NOT NULL,
  `province_name` enum('กรุงเทพมหานคร','กระบี่','กาญจนบุรี','กาฬสินธุ์','กำแพงเพชร','ขอนแก่น','จันทบุรี','ฉะเชิงเทรา','ชลบุรี','ชัยนาท','ชัยภูมิ','ชุมพร','เชียงราย','เชียงใหม่','ตรัง','ตราด','ตาก','นครนายก','นครปฐม','นครพนม','นครราชสีมา','นครศรีธรรมราช','นครสวรรค์','นนทบุรี','นราธิวาส','น่าน','บึงกาฬ','บุรีรัมย์','ปทุมธานี','ประจวบคีรีขันธ์','ปราจีนบุรี','ปัตตานี','พะเยา','พระนครศรีอยุธยา','พังงา','พัทลุง','พิจิตร','พิษณุโลก','เพชรบุรี','เพชรบูรณ์','แพร่','ภูเก็ต','มหาสารคาม','มุกดาหาร','แม่ฮ่องสอน','ยโสธร','ยะลา','ร้อยเอ็ด','ระนอง','ระยอง','ราชบุรี','ลพบุรี','ลำปาง','ลำพูน','เลย','ศรีสะเกษ','สกลนคร','สงขลา','สตูล','สมุทรปราการ','สมุทรสาคร','สมุทรสงคราม','สระแก้ว','สระบุรี','สิงห์บุรี','สุโขทัย','สุพรรณบุรี','สุราษฎร์ธานี','สุรินทร์','หนองคาย','หนองบัวลำภู','อ่างทอง','อุดรธานี','อุตรดิตถ์','อุทัยธานี','อุบลราชธานี','อำนาจเจริญ') COLLATE utf8mb4_unicode_ci NOT NULL,
  `zone_id` int(4) NOT NULL
) ENGINE=InnoDB DEFAULT CHARSET=utf8mb4 COLLATE=utf8mb4_unicode_ci;

--
-- Dumping data for table `provinces`
--

INSERT INTO `provinces` (`province_id`, `province_name`, `zone_id`) VALUES
(1, 'กรุงเทพมหานคร', 3),
(2, 'กระบี่', 5),
(3, 'กาญจนบุรี', 6),
(4, 'กาฬสินธุ์', 2),
(5, 'กำแพงเพชร', 1),
(6, 'ขอนแก่น', 2),
(7, 'จันทบุรี', 4),
(8, 'ฉะเชิงเทรา', 4),
(9, 'ชลบุรี', 4),
(10, 'ชัยนาท', 3),
(11, 'ชัยภูมิ', 2),
(12, 'ชุมพร', 5),
(13, 'เชียงราย', 1),
(14, 'เชียงใหม่', 1),
(15, 'ตรัง', 5),
(16, 'ตราด', 4),
(17, 'ตาก', 1),
(18, 'นครนายก', 4),
(19, 'นครปฐม', 6),
(20, 'นครพนม', 2),
(21, 'นครราชสีมา', 2),
(22, 'นครศรีธรรมราช', 5),
(23, 'นครสวรรค์', 3),
(24, 'นนทบุรี', 3),
(25, 'นราธิวาส', 5),
(26, 'น่าน', 1),
(27, 'บึงกาฬ', 2),
(28, 'บุรีรัมย์', 2),
(29, 'ปทุมธานี', 3),
(30, 'ประจวบคีรีขันธ์', 6),
(31, 'ปราจีนบุรี', 4),
(32, 'ปัตตานี', 5),
(33, 'พะเยา', 1),
(34, 'พระนครศรีอยุธยา', 3),
(35, 'พังงา', 5),
(36, 'พัทลุง', 5),
(37, 'พิจิตร', 1),
(38, 'พิษณุโลก', 1),
(39, 'เพชรบุรี', 6),
(40, 'เพชรบูรณ์', 1),
(41, 'แพร่', 1),
(42, 'ภูเก็ต', 5),
(43, 'มหาสารคาม', 2),
(44, 'มุกดาหาร', 2),
(45, 'แม่ฮ่องสอน', 1),
(46, 'ยโสธร', 2),
(47, 'ยะลา', 5),
(48, 'ร้อยเอ็ด', 2),
(49, 'ระนอง', 5),
(50, 'ระยอง', 4),
(51, 'ราชบุรี', 6),
(52, 'ลพบุรี', 3),
(53, 'ลำปาง', 1),
(54, 'ลำพูน', 1),
(55, 'เลย', 2),
(56, 'ศรีสะเกษ', 2),
(57, 'สกลนคร', 2),
(58, 'สงขลา', 5),
(59, 'สตูล', 5),
(60, 'สมุทรปราการ', 3),
(61, 'สมุทรสาคร', 3),
(62, 'สมุทรสงคราม', 3),
(63, 'สระแก้ว', 4),
(64, 'สระบุรี', 3),
(65, 'สิงห์บุรี', 3),
(66, 'สุโขทัย', 1),
(67, 'สุพรรณบุรี', 6),
(68, 'สุราษฎร์ธานี', 5),
(69, 'สุรินทร์', 2),
(70, 'หนองคาย', 2),
(71, 'หนองบัวลำภู', 2),
(72, 'อ่างทอง', 3),
(73, 'อุดรธานี', 2),
(74, 'อุตรดิตถ์', 1),
(75, 'อุทัยธานี', 3),
(76, 'อุบลราชธานี', 2),
(77, 'อำนาจเจริญ', 2);

-- --------------------------------------------------------

--
-- Table structure for table `questions`
--

CREATE TABLE `questions` (
  `question_id` int(11) NOT NULL,
  `question_text` varchar(255) NOT NULL,
  `created_at` timestamp NULL DEFAULT NULL,
  `updated_at` timestamp NULL DEFAULT NULL
) ENGINE=InnoDB DEFAULT CHARSET=utf8;

--
-- Dumping data for table `questions`
--

INSERT INTO `questions` (`question_id`, `question_text`, `created_at`, `updated_at`) VALUES
(1, 'คุณเรียนที่ไหนในระดับมัธยม', '2024-01-16 03:29:20', '2024-01-16 03:29:20'),
(2, 'ชื่อสัตว์เลี้ยงของคุณคืออะไร', '2024-01-16 03:29:20', '2024-01-16 03:29:20'),
(3, 'อาหารที่คุณชอบมากที่สุดคืออะไร', '2024-01-16 03:29:20', '2024-01-16 03:29:20'),
(4, 'คุณเคยไปเที่ยวที่ประเทศใดครั้งแรก', '2024-01-16 03:29:20', '2024-01-16 03:29:20'),
(5, 'คุณชอบท่องเที่ยวไปที่สถานที่ไหนมากที่สุด', '2024-01-16 03:29:20', '2024-01-16 03:29:20'),
(6, 'วัตถุประสงค์ของคุณในการทำงานคืออะไร', '2024-01-16 03:29:20', '2024-01-16 03:29:20'),
(7, 'เหตุผลหนึ่งที่ทำให้คุณยิ้มได้ทุกครั้งคืออะไร', '2024-01-16 03:29:20', '2024-01-16 03:29:20'),
(8, 'คุณมีความสนใจในกีฬาอะไร', '2024-01-16 03:29:20', '2024-01-16 03:29:20'),
(9, 'วันเดือนปีเกิดของคุณคือวันที่ไหน', '2024-01-16 03:29:20', '2024-01-16 03:29:20');

-- --------------------------------------------------------

--
-- Table structure for table `reviews`
--

CREATE TABLE `reviews` (
  `review_id` int(11) NOT NULL,
  `member_id` int(4) NOT NULL,
  `location_id` int(4) NOT NULL,
  `review` varchar(100) COLLATE utf8mb4_unicode_ci NOT NULL,
  `rating` int(4) NOT NULL,
  `created_at` timestamp NULL DEFAULT NULL,
  `updated_at` timestamp NULL DEFAULT NULL
) ENGINE=InnoDB DEFAULT CHARSET=utf8mb4 COLLATE=utf8mb4_unicode_ci;

--
-- Dumping data for table `reviews`
--

INSERT INTO `reviews` (`review_id`, `member_id`, `location_id`, `review`, `rating`, `created_at`, `updated_at`) VALUES
(9, 2, 19, 'ก็โอนะ สวยดี', 3, '2023-12-21 02:51:11', '2023-12-21 02:51:11'),
(11, 2, 19, 'ดเดด', 5, '2023-12-21 19:17:36', '2023-12-21 19:17:36'),
(12, 2, 19, '666', 2, '2023-12-21 20:18:08', '2023-12-21 20:18:08'),
(15, 2, 19, 'lastest', 4, '2023-12-27 01:58:25', '2023-12-27 01:58:25'),
(21, 2, 29, 'ssss', 4, '2024-01-04 02:32:54', '2024-01-04 02:32:54'),
(25, 5, 34, 'ร้านบรรยากาศดี อาหารอร่อย', 5, '2024-02-20 23:58:29', '2024-02-20 23:58:29'),
(26, 17, 46, 'สวย', 4, '2024-02-21 15:46:50', '2024-02-21 15:46:50'),
(27, 18, 46, 'สวยดี', 5, '2024-02-23 15:07:55', '2024-02-23 15:07:55'),
(29, 19, 13, 'เย็นและสงบ ใจฟู', 4, '2024-02-28 22:45:31', '2024-02-28 22:45:31');

-- --------------------------------------------------------

--
-- Table structure for table `reviews_like`
--

CREATE TABLE `reviews_like` (
  `like_id` int(11) NOT NULL,
  `review_id` int(11) NOT NULL,
  `member_id` int(11) NOT NULL
) ENGINE=InnoDB DEFAULT CHARSET=utf8;

--
-- Dumping data for table `reviews_like`
--

INSERT INTO `reviews_like` (`like_id`, `review_id`, `member_id`) VALUES
(2, 9, 2),
(9, 15, 2),
(20, 21, 2),
(23, 29, 19);

-- --------------------------------------------------------

--
-- Table structure for table `zones`
--

CREATE TABLE `zones` (
  `zone_id` int(4) NOT NULL,
  `zone_name` enum('ภาคเหนือ','ภาคตะวันออกเฉียงเหนือ','ภาคกลาง','ภาคตะวันออก','ภาคตะวันตก','ภาคใต้') COLLATE utf8mb4_unicode_ci NOT NULL
) ENGINE=InnoDB DEFAULT CHARSET=utf8mb4 COLLATE=utf8mb4_unicode_ci;

--
-- Dumping data for table `zones`
--

INSERT INTO `zones` (`zone_id`, `zone_name`) VALUES
(1, 'ภาคเหนือ'),
(2, 'ภาคตะวันออกเฉียงเหนือ'),
(3, 'ภาคกลาง'),
(4, 'ภาคตะวันออก'),
(5, 'ภาคใต้'),
(6, 'ภาคตะวันตก');

--
-- Indexes for dumped tables
--

--
-- Indexes for table `answers`
--
ALTER TABLE `answers`
  ADD PRIMARY KEY (`answer_id`),
  ADD KEY `question_id` (`question_id`),
  ADD KEY `member_id` (`member_id`);

--
-- Indexes for table `days`
--
ALTER TABLE `days`
  ADD PRIMARY KEY (`day_id`);

--
-- Indexes for table `daysopening`
--
ALTER TABLE `daysopening`
  ADD PRIMARY KEY (`opening_id`),
  ADD KEY `location_id` (`location_id`),
  ADD KEY `day_id` (`day_id`);

--
-- Indexes for table `locations`
--
ALTER TABLE `locations`
  ADD PRIMARY KEY (`location_id`),
  ADD KEY `province` (`province_id`);

--
-- Indexes for table `location_images`
--
ALTER TABLE `location_images`
  ADD PRIMARY KEY (`img_id`),
  ADD KEY `fk_location_id` (`location_id`);

--
-- Indexes for table `location_types`
--
ALTER TABLE `location_types`
  ADD PRIMARY KEY (`type_id`),
  ADD KEY `preference_id` (`preference_id`),
  ADD KEY `fk_location_id` (`location_id`) USING BTREE;

--
-- Indexes for table `members`
--
ALTER TABLE `members`
  ADD PRIMARY KEY (`member_id`);

--
-- Indexes for table `personal_preference`
--
ALTER TABLE `personal_preference`
  ADD PRIMARY KEY (`personal_id`),
  ADD KEY `member_id` (`member_id`),
  ADD KEY `preference_id` (`preference_id`);

--
-- Indexes for table `plans_trip`
--
ALTER TABLE `plans_trip`
  ADD PRIMARY KEY (`plan_id`),
  ADD KEY `location_id` (`location_id`),
  ADD KEY `fk_member_id` (`member_id`);

--
-- Indexes for table `preferences`
--
ALTER TABLE `preferences`
  ADD PRIMARY KEY (`preference_id`);

--
-- Indexes for table `provinces`
--
ALTER TABLE `provinces`
  ADD PRIMARY KEY (`province_id`),
  ADD KEY `zone` (`zone_id`);

--
-- Indexes for table `questions`
--
ALTER TABLE `questions`
  ADD PRIMARY KEY (`question_id`);

--
-- Indexes for table `reviews`
--
ALTER TABLE `reviews`
  ADD PRIMARY KEY (`review_id`),
  ADD KEY `member_id` (`member_id`),
  ADD KEY `fk_location_id` (`location_id`) USING BTREE;

--
-- Indexes for table `reviews_like`
--
ALTER TABLE `reviews_like`
  ADD PRIMARY KEY (`like_id`),
  ADD KEY `member_id` (`member_id`),
  ADD KEY `reviews_like` (`review_id`) USING BTREE;

--
-- Indexes for table `zones`
--
ALTER TABLE `zones`
  ADD PRIMARY KEY (`zone_id`);

--
-- AUTO_INCREMENT for dumped tables
--

--
-- AUTO_INCREMENT for table `answers`
--
ALTER TABLE `answers`
  MODIFY `answer_id` int(11) NOT NULL AUTO_INCREMENT, AUTO_INCREMENT=19;

--
-- AUTO_INCREMENT for table `days`
--
ALTER TABLE `days`
  MODIFY `day_id` int(11) NOT NULL AUTO_INCREMENT, AUTO_INCREMENT=8;

--
-- AUTO_INCREMENT for table `daysopening`
--
ALTER TABLE `daysopening`
  MODIFY `opening_id` int(11) NOT NULL AUTO_INCREMENT, AUTO_INCREMENT=316;

--
-- AUTO_INCREMENT for table `locations`
--
ALTER TABLE `locations`
  MODIFY `location_id` int(4) NOT NULL AUTO_INCREMENT, AUTO_INCREMENT=56;

--
-- AUTO_INCREMENT for table `location_images`
--
ALTER TABLE `location_images`
  MODIFY `img_id` int(5) NOT NULL AUTO_INCREMENT, AUTO_INCREMENT=280;

--
-- AUTO_INCREMENT for table `location_types`
--
ALTER TABLE `location_types`
  MODIFY `type_id` int(4) NOT NULL AUTO_INCREMENT, AUTO_INCREMENT=131;

--
-- AUTO_INCREMENT for table `members`
--
ALTER TABLE `members`
  MODIFY `member_id` int(4) NOT NULL AUTO_INCREMENT, AUTO_INCREMENT=20;

--
-- AUTO_INCREMENT for table `personal_preference`
--
ALTER TABLE `personal_preference`
  MODIFY `personal_id` int(4) NOT NULL AUTO_INCREMENT, AUTO_INCREMENT=392;

--
-- AUTO_INCREMENT for table `plans_trip`
--
ALTER TABLE `plans_trip`
  MODIFY `plan_id` int(4) NOT NULL AUTO_INCREMENT, AUTO_INCREMENT=36;

--
-- AUTO_INCREMENT for table `preferences`
--
ALTER TABLE `preferences`
  MODIFY `preference_id` int(4) NOT NULL AUTO_INCREMENT, AUTO_INCREMENT=26;

--
-- AUTO_INCREMENT for table `provinces`
--
ALTER TABLE `provinces`
  MODIFY `province_id` int(4) NOT NULL AUTO_INCREMENT, AUTO_INCREMENT=78;

--
-- AUTO_INCREMENT for table `questions`
--
ALTER TABLE `questions`
  MODIFY `question_id` int(11) NOT NULL AUTO_INCREMENT, AUTO_INCREMENT=11;

--
-- AUTO_INCREMENT for table `reviews`
--
ALTER TABLE `reviews`
  MODIFY `review_id` int(11) NOT NULL AUTO_INCREMENT, AUTO_INCREMENT=30;

--
-- AUTO_INCREMENT for table `reviews_like`
--
ALTER TABLE `reviews_like`
  MODIFY `like_id` int(11) NOT NULL AUTO_INCREMENT, AUTO_INCREMENT=24;

--
-- AUTO_INCREMENT for table `zones`
--
ALTER TABLE `zones`
  MODIFY `zone_id` int(4) NOT NULL AUTO_INCREMENT, AUTO_INCREMENT=7;

--
-- Constraints for dumped tables
--

--
-- Constraints for table `answers`
--
ALTER TABLE `answers`
  ADD CONSTRAINT `answers_ibfk_1` FOREIGN KEY (`question_id`) REFERENCES `questions` (`question_id`) ON DELETE CASCADE,
  ADD CONSTRAINT `answers_ibfk_2` FOREIGN KEY (`member_id`) REFERENCES `members` (`member_id`) ON DELETE CASCADE;

--
-- Constraints for table `daysopening`
--
ALTER TABLE `daysopening`
  ADD CONSTRAINT `daysopening_ibfk_1` FOREIGN KEY (`location_id`) REFERENCES `locations` (`location_id`) ON DELETE CASCADE ON UPDATE CASCADE,
  ADD CONSTRAINT `daysopening_ibfk_2` FOREIGN KEY (`day_id`) REFERENCES `days` (`day_id`) ON DELETE CASCADE ON UPDATE CASCADE;

--
-- Constraints for table `locations`
--
ALTER TABLE `locations`
  ADD CONSTRAINT `locations_ibfk_1` FOREIGN KEY (`province_id`) REFERENCES `provinces` (`province_id`);

--
-- Constraints for table `location_images`
--
ALTER TABLE `location_images`
  ADD CONSTRAINT `fk_location_id` FOREIGN KEY (`location_id`) REFERENCES `locations` (`location_id`) ON DELETE CASCADE,
  ADD CONSTRAINT `location_image_ibfk_1` FOREIGN KEY (`location_id`) REFERENCES `locations` (`location_id`);

--
-- Constraints for table `location_types`
--
ALTER TABLE `location_types`
  ADD CONSTRAINT `fk_location_id_1` FOREIGN KEY (`location_id`) REFERENCES `locations` (`location_id`) ON DELETE CASCADE,
  ADD CONSTRAINT `fk_preference_id` FOREIGN KEY (`preference_id`) REFERENCES `preferences` (`preference_id`) ON DELETE CASCADE;

--
-- Constraints for table `personal_preference`
--
ALTER TABLE `personal_preference`
  ADD CONSTRAINT `member_id` FOREIGN KEY (`member_id`) REFERENCES `members` (`member_id`) ON DELETE CASCADE,
  ADD CONSTRAINT `personal_preference_ibfk_1` FOREIGN KEY (`member_id`) REFERENCES `members` (`member_id`),
  ADD CONSTRAINT `preference_id` FOREIGN KEY (`preference_id`) REFERENCES `preferences` (`preference_id`) ON DELETE CASCADE;

--
-- Constraints for table `plans_trip`
--
ALTER TABLE `plans_trip`
  ADD CONSTRAINT `fk_member_id` FOREIGN KEY (`member_id`) REFERENCES `members` (`member_id`) ON DELETE CASCADE,
  ADD CONSTRAINT `plans_trip_ibfk_1` FOREIGN KEY (`location_id`) REFERENCES `locations` (`location_id`),
  ADD CONSTRAINT `plans_trip_ibfk_2` FOREIGN KEY (`member_id`) REFERENCES `members` (`member_id`);

--
-- Constraints for table `provinces`
--
ALTER TABLE `provinces`
  ADD CONSTRAINT `provinces_ibfk_1` FOREIGN KEY (`zone_id`) REFERENCES `zones` (`zone_id`);

--
-- Constraints for table `reviews`
--
ALTER TABLE `reviews`
  ADD CONSTRAINT `fk_location_id_2` FOREIGN KEY (`location_id`) REFERENCES `locations` (`location_id`) ON DELETE CASCADE,
  ADD CONSTRAINT `reviews_ibfk_1` FOREIGN KEY (`member_id`) REFERENCES `members` (`member_id`);

--
-- Constraints for table `reviews_like`
--
ALTER TABLE `reviews_like`
  ADD CONSTRAINT `reviews_like_ibfk_1` FOREIGN KEY (`review_id`) REFERENCES `reviews` (`review_id`) ON DELETE CASCADE,
  ADD CONSTRAINT `reviews_like_ibfk_2` FOREIGN KEY (`member_id`) REFERENCES `members` (`member_id`) ON DELETE CASCADE;
COMMIT;

/*!40101 SET CHARACTER_SET_CLIENT=@OLD_CHARACTER_SET_CLIENT */;
/*!40101 SET CHARACTER_SET_RESULTS=@OLD_CHARACTER_SET_RESULTS */;
/*!40101 SET COLLATION_CONNECTION=@OLD_COLLATION_CONNECTION */;
